,spearman,spearmanp,cell_fate_correct,perturbation,index,network,p,threshold_number,pruning,somePredictionRefused
0,0.10148334671695816,2.119343570390216e-07,0.0,ARID3A,0,dense,1,20000,some,False
1,0.190426953439325,1.1186197723330306e-22,0.0,ARNT2,0,dense,1,20000,some,False
2,0.26963024204815084,1.352446274302532e-44,0.0,ASCL1,0,dense,1,20000,some,False
3,0.16876538941998592,4.380288988662666e-18,0.0,ASCL2,0,dense,1,20000,some,False
4,0.14819627251319564,2.977842661515694e-14,0.0,ATF3,0,dense,1,20000,some,False
5,0.0,1.0,,BATF,0,dense,1,20000,some,True
6,0.0,1.0,,BATF3,0,dense,1,20000,some,True
7,0.2040072208845176,7.436637137710271e-26,1.0,BCL6,0,dense,1,20000,some,False
8,0.29010069613615697,1.1949791259265019e-51,0.0,BMP4,0,dense,1,20000,some,False
9,0.0,1.0,,BRF2,0,dense,1,20000,some,True
10,0.15316165376300778,3.937818757268036e-15,0.0,CBX2,0,dense,1,20000,some,False
11,0.0,1.0,,CCNE1,0,dense,1,20000,some,True
12,0.0,1.0,,CDYL,0,dense,1,20000,some,True
13,0.3239121263720248,1.2006563509314946e-64,0.0,CEBPA,0,dense,1,20000,some,False
14,0.22104857177718798,3.5652189132224734e-30,0.0,CEBPB,0,dense,1,20000,some,False
15,0.23263100075640994,2.5191129677965063e-33,0.0,CEBPD,0,dense,1,20000,some,False
16,0.0,1.0,,CRY1,0,dense,1,20000,some,True
17,0.0,1.0,,CRY2,0,dense,1,20000,some,True
18,0.20358621382220754,9.405397963945962e-26,0.0,CTBP2,0,dense,1,20000,some,False
19,0.23337040054977154,1.5635379440059657e-33,0.0,CUX1,0,dense,1,20000,some,False
20,0.0,1.0,,DEDD2,0,dense,1,20000,some,True
21,0.18606464629231081,1.0476951838018762e-21,0.0,DLX5,0,dense,1,20000,some,False
22,0.18182796884250294,8.73329193096493e-21,0.0,E2F1,0,dense,1,20000,some,False
23,0.0,1.0,,E2F6,0,dense,1,20000,some,True
24,0.04590420599686452,0.019174336900586217,0.0,E2F7,0,dense,1,20000,some,False
25,0.20424948878420732,6.494988439848515e-26,0.0,EGR1,0,dense,1,20000,some,False
26,0.3191473655347582,1.037334605456521e-62,0.0,EGR2,0,dense,1,20000,some,False
27,0.2916973612548495,3.175640646728358e-52,0.0,EHF,0,dense,1,20000,some,False
28,0.2117493473759269,9.02264410900039e-28,0.0,ELF1,0,dense,1,20000,some,False
29,0.3153890119051699,3.3016462986655776e-61,0.0,ELF4,0,dense,1,20000,some,False
30,0.12202661372194121,4.207910910877457e-10,0.0,ELK3,0,dense,1,20000,some,False
31,0.0,1.0,,ELL2,0,dense,1,20000,some,True
32,0.1247164958979561,1.715406135041141e-10,0.0,EN1,0,dense,1,20000,some,False
33,0.17993365796939936,2.217014100154371e-20,0.0,EOMES,0,dense,1,20000,some,False
34,0.0,1.0,,ERG,0,dense,1,20000,some,True
35,0.26962929200105473,1.353423090039725e-44,0.0,ESR1,0,dense,1,20000,some,False
36,0.07753925960701243,7.492303778875829e-05,0.0,ESRRA,0,dense,1,20000,some,False
37,0.19534393867412153,8.415763013624957e-24,0.0,ESRRG,0,dense,1,20000,some,False
38,0.22555863846565674,2.2186928610362827e-31,0.0,ETS1,0,dense,1,20000,some,False
39,0.20907953304719637,4.2142767910408465e-27,0.0,ETS2,0,dense,1,20000,some,False
40,0.20956124503380236,3.1961065114104616e-27,0.0,ETV1,0,dense,1,20000,some,False
41,0.12423998550890597,2.013782451134631e-10,0.0,ETV5,0,dense,1,20000,some,False
42,0.1442097195154924,1.4391897629099901e-13,1.0,ETV6,0,dense,1,20000,some,False
43,0.30917533091162575,9.038321068714291e-59,0.0,FLI1,0,dense,1,20000,some,False
44,0.14209782166073132,3.258047043661002e-13,0.0,FOS,0,dense,1,20000,some,False
45,0.17118851532310464,1.4334051666719111e-18,0.0,FOSL1,0,dense,1,20000,some,False
46,0.2701682243110354,8.98167633129174e-45,0.0,FOXA1,0,dense,1,20000,some,False
47,0.16927690241004534,3.464881276412467e-18,0.0,FOXG1,0,dense,1,20000,some,False
48,0.2566751918529857,1.9497580346533557e-40,1.0,FOXM1,0,dense,1,20000,some,False
49,0.03178177079208899,0.10499104236716354,0.0,FOXN3,0,dense,1,20000,some,False
50,0.2921689866000018,2.1434801835269175e-52,0.0,FOXP1,0,dense,1,20000,some,False
51,0.08719332681017673,8.392498353584847e-06,0.0,FOXS1,0,dense,1,20000,some,False
52,0.15668799951017387,8.981827187199651e-16,0.0,GATA1,0,dense,1,20000,some,False
53,0.11563242909588878,3.2877910534231325e-09,0.0,GATA2,0,dense,1,20000,some,False
54,0.23221828723058804,3.285130889588197e-33,0.0,GATA3,0,dense,1,20000,some,False
55,0.1768621043347173,9.826477261766352e-20,0.0,GATA6,0,dense,1,20000,some,False
56,0.15838542951419307,4.355811736490065e-16,0.0,GRHL2,0,dense,1,20000,some,False
57,0.0,1.0,,GTF3C2,0,dense,1,20000,some,True
58,0.0,1.0,,H2AFZ,0,dense,1,20000,some,True
59,0.25345437774030327,1.9407223968950396e-39,1.0,HDAC2,0,dense,1,20000,some,False
60,0.0,1.0,,HDAC6,0,dense,1,20000,some,True
61,0.22745911650127576,6.759944686201517e-32,0.0,HES1,0,dense,1,20000,some,False
62,0.16111097834068622,1.3401612474801314e-16,0.0,HESX1,0,dense,1,20000,some,False
63,0.17214775561911427,9.169406215840756e-19,0.0,HEY1,0,dense,1,20000,some,False
64,0.16355413236826413,4.5779370117702525e-17,0.0,HMGN1,0,dense,1,20000,some,False
65,0.1121071075773871,9.751267851534777e-09,0.0,HMGXB4,0,dense,1,20000,some,False
66,0.13117084898393985,1.840900612899831e-11,0.0,HOPX,0,dense,1,20000,some,False
67,0.031135685591993634,0.11225188874851415,0.0,HOXA10,0,dense,1,20000,some,False
68,0.11173396948763882,1.0919527007974148e-08,0.0,HOXB3,0,dense,1,20000,some,False
69,0.12667980752941496,8.80311137724822e-11,1.0,ID1,0,dense,1,20000,some,False
70,0.188987403023977,2.3545810175029817e-22,1.0,ID3,0,dense,1,20000,some,False
71,0.2848842897851382,8.547724863280146e-50,0.0,IKZF1,0,dense,1,20000,some,False
72,0.271598879442059,3.01061029315738e-45,0.0,IRF1,0,dense,1,20000,some,False
73,0.16263402455067522,6.873822869513305e-17,0.0,IRF4,0,dense,1,20000,some,False
74,0.20952012405438558,3.272542100833591e-27,0.0,IRF5,0,dense,1,20000,some,False
75,0.0,1.0,,JAG1,0,dense,1,20000,some,True
76,0.23262659174998165,2.526275059783311e-33,0.0,JUN,0,dense,1,20000,some,False
77,0.20657288609831218,1.7575129233716439e-26,0.0,JUNB,0,dense,1,20000,some,False
78,0.17704702504856035,8.990757452559795e-20,0.0,KDM1A,0,dense,1,20000,some,False
79,0.13585209319254885,3.4007976364569746e-12,1.0,KDM5B,0,dense,1,20000,some,False
80,0.2682916464734,3.7296082705583194e-44,0.0,KLF1,0,dense,1,20000,some,False
81,0.0,1.0,,KLF11,0,dense,1,20000,some,True
82,0.3859142334326335,3.3641395914074885e-93,0.0,KLF12,0,dense,1,20000,some,False
83,0.29120684374741684,4.7757014955589344e-52,0.0,KLF15,0,dense,1,20000,some,False
84,0.24726081885691598,1.4699105830676168e-37,0.0,KLF2,0,dense,1,20000,some,False
85,0.33706945816994505,3.529580258314217e-70,0.0,KLF4,0,dense,1,20000,some,False
86,0.18472551010464033,2.059362367513451e-21,0.0,KLF5,0,dense,1,20000,some,False
87,0.3734127698100252,6.396077026482749e-87,0.0,KLF9,0,dense,1,20000,some,False
88,0.06905417684359187,0.00042247117302655066,0.0,LHX2,0,dense,1,20000,some,False
89,0.0,1.0,,LMO2,0,dense,1,20000,some,True
90,0.0,1.0,,MAB21L2,0,dense,1,20000,some,True
91,0.2986635012295836,8.854598908774261e-55,0.0,MEF2C,0,dense,1,20000,some,False
92,0.14014621369640867,6.85774977525724e-13,0.0,MEIS1,0,dense,1,20000,some,False
93,0.07002542862905752,0.00034976900090484623,0.0,MEIS2,0,dense,1,20000,some,False
94,0.2102906220823774,2.099931814355333e-27,0.0,MSC,0,dense,1,20000,some,False
95,0.18521606270390817,1.608706903712988e-21,0.0,MSX2,0,dense,1,20000,some,False
96,-0.1275691207884682,6.485225545905508e-11,0.0,MXI1,0,dense,1,20000,some,False
97,0.16342012738478254,4.857839898360821e-17,0.0,MYB,0,dense,1,20000,some,False
98,0.17219826637411478,8.955568179398537e-19,0.0,MYBL2,0,dense,1,20000,some,False
99,0.26389097148254853,1.005335730403187e-42,1.0,MYC,0,dense,1,20000,some,False
100,0.3298693477273725,4.060801249352067e-67,0.0,NEUROD1,0,dense,1,20000,some,False
101,0.2844705861353914,1.1946572060936173e-49,0.0,NEUROD2,0,dense,1,20000,some,False
102,0.1896685621866269,1.6568801066106835e-22,0.0,NFATC1,0,dense,1,20000,some,False
103,0.16212493711832726,8.59865231699105e-17,1.0,NFE2L1,0,dense,1,20000,some,False
104,0.18130974210168926,1.1279816439311484e-20,0.0,NFIB,0,dense,1,20000,some,False
105,0.2202729194386085,5.7124593071057914e-30,0.0,NFIC,0,dense,1,20000,some,False
106,0.24323854403769973,2.2906032352008174e-36,0.0,NFIL3,0,dense,1,20000,some,False
107,0.12886784532090065,4.1349064754034305e-11,0.0,NKX2-1,0,dense,1,20000,some,False
108,0.2016758067422997,2.7126808596758247e-25,0.0,NKX2-5,0,dense,1,20000,some,False
109,0.17997541050327875,2.17219391381596e-20,0.0,NPAS2,0,dense,1,20000,some,False
110,0.17436583548843218,3.2313080996684757e-19,0.0,NR1D2,0,dense,1,20000,some,False
111,0.2443686288440322,1.0643086483632916e-36,0.0,NR2F2,0,dense,1,20000,some,False
112,0.0,1.0,,NR3C1,0,dense,1,20000,some,True
113,0.0,1.0,,NR4A2,0,dense,1,20000,some,True
114,0.20131582468029763,3.3079834905122345e-25,0.0,NR4A3,0,dense,1,20000,some,False
115,0.10714399102782926,4.2629313653331264e-08,0.0,OLIG2,0,dense,1,20000,some,False
116,0.0,1.0,,OSTF1,0,dense,1,20000,some,True
117,0.2808031471795631,2.2666118402869905e-48,0.0,PATZ1,0,dense,1,20000,some,False
118,0.2571175556811227,1.4184083426087371e-40,0.0,PAX5,0,dense,1,20000,some,False
119,0.16643131268002936,1.264889409179678e-17,0.0,PAX6,0,dense,1,20000,some,False
120,0.26409736848007753,8.626112978804279e-43,0.0,PAX8,0,dense,1,20000,some,False
121,0.07951147505324457,4.883655134531512e-05,0.0,PBX1,0,dense,1,20000,some,False
122,0.2056811295451301,2.9080109342485387e-26,0.0,PITX2,0,dense,1,20000,some,False
123,0.0,1.0,,PLXNB3,0,dense,1,20000,some,True
124,0.0,1.0,,PML,0,dense,1,20000,some,True
125,0.0,1.0,,POU2AF1,0,dense,1,20000,some,True
126,0.13848899410845147,1.2797493460458082e-12,0.0,POU2F2,0,dense,1,20000,some,False
127,0.12358241230921466,2.510093160419965e-10,0.0,PPARG,0,dense,1,20000,some,False
128,0.28038709778386484,3.1561387924803366e-48,0.0,PRDM1,0,dense,1,20000,some,False
129,0.0,1.0,,PTAFR,0,dense,1,20000,some,True
130,0.2140133044134992,2.4017676247860965e-28,0.0,RARG,0,dense,1,20000,some,False
131,0.1181803152200757,1.4681794899410894e-09,0.0,RFX5,0,dense,1,20000,some,False
132,0.0,1.0,,RFXAP,0,dense,1,20000,some,True
133,0.0,1.0,,RPS6KA1,0,dense,1,20000,some,True
134,0.24570194973765092,4.286541712132895e-37,0.0,RUNX1,0,dense,1,20000,some,False
135,0.20705128810518839,1.340156715454144e-26,0.0,RUNX3,0,dense,1,20000,some,False
136,0.0,1.0,,RUVBL2,0,dense,1,20000,some,True
137,0.06642198298565515,0.0006965319573325919,1.0,RXRA,0,dense,1,20000,some,False
138,0.14588070747107013,7.475141486164039e-14,1.0,SALL1,0,dense,1,20000,some,False
139,0.0,1.0,,SAP30,0,dense,1,20000,some,True
140,0.18260038973520396,5.9556704943101426e-21,1.0,SIRT3,0,dense,1,20000,some,False
141,0.09469538470452611,1.2991796121035713e-06,0.0,SIX1,0,dense,1,20000,some,False
142,0.13377344760309795,7.251453497875165e-12,0.0,SMAD1,0,dense,1,20000,some,False
143,0.1494106693518316,1.8269338283712114e-14,0.0,SMAD5,0,dense,1,20000,some,False
144,0.1369421711224027,2.2756412330820547e-12,0.0,SMAD7,0,dense,1,20000,some,False
145,0.0448312272602609,0.022176986373101677,0.0,SMARCA4,0,dense,1,20000,some,False
146,0.1472778200266148,4.297429981792311e-14,0.0,SNAI1,0,dense,1,20000,some,False
147,0.20044933912159685,5.324646825723773e-25,0.0,SNAI2,0,dense,1,20000,some,False
148,0.0,1.0,,SNAPC1,0,dense,1,20000,some,True
149,0.2361806948604034,2.513069108470953e-34,0.0,SOX10,0,dense,1,20000,some,False
150,0.2894535955740194,2.0396480861384358e-51,0.0,SOX17,0,dense,1,20000,some,False
151,0.20176151469398237,2.587376374044051e-25,0.0,SOX2,0,dense,1,20000,some,False
152,0.26902367657836457,2.143172383108451e-44,0.0,SOX5,0,dense,1,20000,some,False
153,0.21924890034049785,1.0615001487213801e-29,0.0,SOX6,0,dense,1,20000,some,False
154,0.282217131298939,7.32618901407804e-49,0.0,SOX7,0,dense,1,20000,some,False
155,0.20548824378415517,3.2416543943845877e-26,0.0,SOX9,0,dense,1,20000,some,False
156,0.2113766497864542,1.1202823623769298e-27,0.0,SPI1,0,dense,1,20000,some,False
157,0.27492266008554506,2.3155779185859248e-46,0.0,SPIB,0,dense,1,20000,some,False
158,0.0,1.0,,STAT4,0,dense,1,20000,some,True
159,0.0,1.0,,STAT5A,0,dense,1,20000,some,True
160,0.2274921939861224,6.620908964963512e-32,0.0,SUB1,0,dense,1,20000,some,False
161,0.05289284860722006,0.0069513608303288605,0.0,TAL1,0,dense,1,20000,some,False
162,0.19817894241179643,1.834268977066395e-24,0.0,TBX3,0,dense,1,20000,some,False
163,0.0,1.0,,TBX4,0,dense,1,20000,some,True
164,0.30821006907613774,2.135370110081938e-58,0.0,TBX5,0,dense,1,20000,some,False
165,0.26155050952305986,5.652130926487471e-42,0.0,TCF4,0,dense,1,20000,some,False
166,0.14725278446395,4.340474773341429e-14,0.0,TCF7L2,0,dense,1,20000,some,False
167,0.0032019067411671537,0.8702964312515673,0.0,TEAD4,0,dense,1,20000,some,False
168,0.156759195574477,8.714682630763055e-16,0.0,TFAP2A,0,dense,1,20000,some,False
169,0.21980803009895802,7.571081223124083e-30,0.0,TFAP2C,0,dense,1,20000,some,False
170,0.24413377865797986,1.248496961605709e-36,0.0,TFCP2L1,0,dense,1,20000,some,False
171,0.18073241227914713,1.4986805511330958e-20,0.0,TFE3,0,dense,1,20000,some,False
172,0.0,1.0,,TGM2,0,dense,1,20000,some,True
173,0.19173097600508315,5.670848594343182e-23,0.0,TP53,0,dense,1,20000,some,False
174,0.0,1.0,,TRPV2,0,dense,1,20000,some,True
175,0.0,1.0,,TSHZ1,0,dense,1,20000,some,True
176,0.0,1.0,,TYRP1,0,dense,1,20000,some,True
177,0.0,1.0,,VDR,0,dense,1,20000,some,True
178,0.0,1.0,,WRNIP1,0,dense,1,20000,some,True
179,0.25485213571070714,7.18798996662919e-40,0.0,ZBED4,0,dense,1,20000,some,False
180,0.32589554036091634,1.832053997676014e-65,0.0,ZIC1,0,dense,1,20000,some,False
181,0.0,1.0,,ZMYND12,0,dense,1,20000,some,True
182,0.0,1.0,,ZNF274,0,dense,1,20000,some,True
183,0.19130087958888,7.098917027917356e-23,0.0,ZNF281,0,dense,1,20000,some,False
184,0.19522406313419247,8.971128500614376e-24,0.0,ARID3B,0,dense,1,20000,some,False
185,0.2288324488231667,2.8445016964220066e-32,0.0,BMP2,0,dense,1,20000,some,False
186,0.21508689069789416,1.275404318302936e-28,0.0,BMP7,0,dense,1,20000,some,False
187,0.0510264320499409,0.009219811831293709,0.0,CBFB,0,dense,1,20000,some,False
188,0.0,1.0,,CBX3,0,dense,1,20000,some,True
189,0.1595883732438721,2.5955848811492797e-16,1.0,CXXC5,0,dense,1,20000,some,False
190,0.06029595797010082,0.002086757943502695,1.0,DMRT2,0,dense,1,20000,some,False
191,0.1078052677775847,3.515368346493141e-08,1.0,E2F3,0,dense,1,20000,some,False
192,0.13579069534345387,3.4782964773603084e-12,0.0,E2F5,0,dense,1,20000,some,False
193,0.11171864164368928,1.0970315520302372e-08,1.0,EMX2,0,dense,1,20000,some,False
194,0.15250264867394758,5.170854202986685e-15,0.0,ETV4,0,dense,1,20000,some,False
195,0.0,1.0,,FGR,0,dense,1,20000,some,True
196,0.1615109636715962,1.125326722339829e-16,0.0,FOSB,0,dense,1,20000,some,False
197,0.08980702008024098,4.453896299047192e-06,1.0,HES6,0,dense,1,20000,some,False
198,0.12174975569142912,4.6100062723415544e-10,0.0,HMGA1,0,dense,1,20000,some,False
199,0.08115282122195093,3.3946631965512795e-05,0.0,HOXA7,0,dense,1,20000,some,False
200,0.07493490316123483,0.00012987595835458105,1.0,KLF6,0,dense,1,20000,some,False
201,0.06631063370878819,0.0007111513884194163,1.0,MYCN,0,dense,1,20000,some,False
202,0.05806654243055124,0.003040536679334455,1.0,NFYA,0,dense,1,20000,some,False
203,0.19015087667588518,1.290839267916619e-22,0.0,OSR1,0,dense,1,20000,some,False
204,0.0,1.0,,PGF,0,dense,1,20000,some,True
205,0.0,1.0,,PRICKLE1,0,dense,1,20000,some,True
206,0.0,1.0,,S1PR1,0,dense,1,20000,some,True
207,0.058961083040713,0.002618121540259096,1.0,SATB1,0,dense,1,20000,some,False
208,0.08085585821016505,3.6273840108445744e-05,1.0,TEAD2,0,dense,1,20000,some,False
209,0.19262278059307128,3.553472508899301e-23,1.0,TEF,0,dense,1,20000,some,False
210,0.0,1.0,,TGFBR2,0,dense,1,20000,some,True
211,0.09541097526786489,1.079188788356796e-06,1.0,THRA,0,dense,1,20000,some,False
212,0.1543097613293463,2.4428887955599342e-15,0.0,TNF,0,dense,1,20000,some,False
213,0.08776065758821844,7.325081893817651e-06,0.0,ZNF74,0,dense,1,20000,some,False
214,0.13751834209864175,1.8378863794866162e-12,0.0,ARID3A,1,dense,1,169144,some,False
215,0.1988888811369702,1.247935962405918e-24,0.0,ARNT2,1,dense,1,169144,some,False
216,0.335708261846538,1.3573752600749276e-69,0.0,ASCL1,1,dense,1,169144,some,False
217,0.17015035867629652,2.3178975474512972e-18,0.0,ASCL2,1,dense,1,169144,some,False
218,0.18776086404147155,4.4185248758589885e-22,0.0,ATF3,1,dense,1,169144,some,False
219,0.21546127750630933,1.0219732438890176e-28,0.0,BATF,1,dense,1,169144,some,True
220,0.0,1.0,,BATF3,1,dense,1,169144,some,True
221,0.24602741984134444,3.4302921742714538e-37,1.0,BCL6,1,dense,1,169144,some,False
222,0.40822149104887717,4.1900694392824686e-105,0.0,BMP4,1,dense,1,169144,some,False
223,0.0,1.0,,BRF2,1,dense,1,169144,some,True
224,0.15195336338015009,6.482987973520267e-15,0.0,CBX2,1,dense,1,169144,some,False
225,0.0,1.0,,CCNE1,1,dense,1,169144,some,True
226,0.0,1.0,,CDYL,1,dense,1,169144,some,True
227,0.4168181738860463,6.104938377541702e-110,0.0,CEBPA,1,dense,1,169144,some,False
228,0.29303236810260436,1.041750231520568e-52,0.0,CEBPB,1,dense,1,169144,some,False
229,0.23423021478500045,8.96034922737628e-34,0.0,CEBPD,1,dense,1,169144,some,False
230,0.0,1.0,,CRY1,1,dense,1,169144,some,True
231,0.0,1.0,,CRY2,1,dense,1,169144,some,True
232,0.1902283253388048,1.2400394805752268e-22,0.0,CTBP2,1,dense,1,169144,some,False
233,0.25517184693729056,5.722252629938879e-40,0.0,CUX1,1,dense,1,169144,some,False
234,0.0,1.0,,DEDD2,1,dense,1,169144,some,True
235,0.24990656293190164,2.3489060868543469e-38,0.0,DLX5,1,dense,1,169144,some,False
236,0.18975514712957542,1.584342739228104e-22,0.0,E2F1,1,dense,1,169144,some,False
237,0.032963065361862096,0.09268298280716235,0.0,E2F6,1,dense,1,169144,some,True
238,0.04910822953939243,0.012217786443379432,0.0,E2F7,1,dense,1,169144,some,False
239,0.24425943411519388,1.1463241761884514e-36,0.0,EGR1,1,dense,1,169144,some,False
240,0.41540611690244095,3.8892152896509214e-109,0.0,EGR2,1,dense,1,169144,some,False
241,0.4021460090631518,9.029479986464133e-102,0.0,EHF,1,dense,1,169144,some,False
242,0.2536980114998239,1.632935156760589e-39,0.0,ELF1,1,dense,1,169144,some,False
243,0.3839095228664574,3.5675278697386935e-92,0.0,ELF4,1,dense,1,169144,some,False
244,0.185496604760933,1.3963818063485996e-21,0.0,ELK3,1,dense,1,169144,some,False
245,0.0,1.0,,ELL2,1,dense,1,169144,some,True
246,0.13728035131703265,2.0076656061940524e-12,0.0,EN1,1,dense,1,169144,some,False
247,0.2289666636612567,2.6129620189526294e-32,1.0,EOMES,1,dense,1,169144,some,False
248,0.2540227812609728,1.2968008768984276e-39,0.0,ERG,1,dense,1,169144,some,True
249,0.37635846217950175,2.2445174967356312e-88,0.0,ESR1,1,dense,1,169144,some,False
250,0.12498279412805118,1.567944966331583e-10,0.0,ESRRA,1,dense,1,169144,some,False
251,0.20721824739834102,1.2189763806449539e-26,0.0,ESRRG,1,dense,1,169144,some,False
252,0.26223009720969076,3.4296515883851935e-42,0.0,ETS1,1,dense,1,169144,some,False
253,0.24261196399857876,3.497660145567901e-36,0.0,ETS2,1,dense,1,169144,some,False
254,0.214537037400709,1.7644893340807196e-28,0.0,ETV1,1,dense,1,169144,some,False
255,0.1257072900749009,1.226625807652077e-10,0.0,ETV5,1,dense,1,169144,some,False
256,0.1880294070584092,3.851113105999468e-22,1.0,ETV6,1,dense,1,169144,some,False
257,0.4380279062830359,1.708247206799943e-122,0.0,FLI1,1,dense,1,169144,some,False
258,0.19985702848747638,7.363063321627524e-25,0.0,FOS,1,dense,1,169144,some,False
259,0.2687975953977898,2.543585633250921e-44,1.0,FOSL1,1,dense,1,169144,some,False
260,0.31630628455590387,1.4254336485021051e-61,0.0,FOXA1,1,dense,1,169144,some,False
261,0.1776480944343548,6.730305801081108e-20,0.0,FOXG1,1,dense,1,169144,some,False
262,0.2797675019544116,5.162002449983056e-48,1.0,FOXM1,1,dense,1,169144,some,False
263,0.03023251694416709,0.1230583722038617,0.0,FOXN3,1,dense,1,169144,some,False
264,0.36266966524964805,9.656753221746597e-82,0.0,FOXP1,1,dense,1,169144,some,False
265,0.08955268628549029,4.740766977892304e-06,0.0,FOXS1,1,dense,1,169144,some,False
266,0.2064248445012357,1.9110627666979328e-26,0.0,GATA1,1,dense,1,169144,some,False
267,0.12646526715451079,9.473581648424574e-11,0.0,GATA2,1,dense,1,169144,some,False
268,0.34513762697578637,1.0455754927414596e-73,0.0,GATA3,1,dense,1,169144,some,False
269,0.23926726954218933,3.282043238316945e-35,0.0,GATA6,1,dense,1,169144,some,False
270,0.18304097462852167,4.783805951104058e-21,0.0,GRHL2,1,dense,1,169144,some,False
271,0.09875461870314929,4.4565256234223715e-07,0.0,GTF3C2,1,dense,1,169144,some,True
272,0.0,1.0,,H2AFZ,1,dense,1,169144,some,True
273,0.2510898378153641,1.0270680329307272e-38,1.0,HDAC2,1,dense,1,169144,some,False
274,0.17298894693640438,6.183957522464238e-19,1.0,HDAC6,1,dense,1,169144,some,True
275,0.21354618214043428,3.159876452492442e-28,0.0,HES1,1,dense,1,169144,some,False
276,0.15868788327928285,3.8256338331602704e-16,0.0,HESX1,1,dense,1,169144,some,False
277,0.20024367708983906,5.959618334992914e-25,0.0,HEY1,1,dense,1,169144,some,False
278,0.16354036544210487,4.605943729721468e-17,0.0,HMGN1,1,dense,1,169144,some,False
279,0.12846134105384077,4.762730799531534e-11,0.0,HMGXB4,1,dense,1,169144,some,False
280,0.13090722569220978,2.0210283203248454e-11,0.0,HOPX,1,dense,1,169144,some,False
281,0.031838153472495974,0.10437549914279444,0.0,HOXA10,1,dense,1,169144,some,False
282,0.12101240675763308,5.872571765745944e-10,0.0,HOXB3,1,dense,1,169144,some,False
283,0.11461444913716771,4.515522818558914e-09,0.0,ID1,1,dense,1,169144,some,False
284,0.14811038814340727,3.082059504839127e-14,1.0,ID3,1,dense,1,169144,some,False
285,0.33578793910914434,1.254699895941921e-69,0.0,IKZF1,1,dense,1,169144,some,False
286,0.30618227654719704,1.2861853458637315e-57,0.0,IRF1,1,dense,1,169144,some,False
287,0.23494988752325704,5.613013274768384e-34,0.0,IRF4,1,dense,1,169144,some,False
288,0.3022621584930603,3.97560919126057e-56,0.0,IRF5,1,dense,1,169144,some,False
289,0.0,1.0,,JAG1,1,dense,1,169144,some,True
290,0.2878017858636402,7.934247386650519e-51,0.0,JUN,1,dense,1,169144,some,False
291,0.248636853678441,5.678839725314477e-38,0.0,JUNB,1,dense,1,169144,some,False
292,0.180334380778912,1.8220095257323642e-20,0.0,KDM1A,1,dense,1,169144,some,False
293,0.1461390175256455,6.750637464679745e-14,1.0,KDM5B,1,dense,1,169144,some,False
294,0.27982791914059685,4.920486138798629e-48,0.0,KLF1,1,dense,1,169144,some,False
295,0.3118484040994167,8.217463340746421e-60,0.0,KLF11,1,dense,1,169144,some,True
296,0.4014522806776048,2.1472971105336582e-101,0.0,KLF12,1,dense,1,169144,some,False
297,0.4136826565520273,3.682739495507903e-108,0.0,KLF15,1,dense,1,169144,some,False
298,0.348751941208552,2.538259379962833e-75,0.0,KLF2,1,dense,1,169144,some,False
299,0.44132982041527896,1.571659604512583e-124,0.0,KLF4,1,dense,1,169144,some,False
300,0.18522004660622918,1.6054790817211258e-21,0.0,KLF5,1,dense,1,169144,some,False
301,0.3759169852455388,3.7163678408873185e-88,0.0,KLF9,1,dense,1,169144,some,False
302,0.06958521174402368,0.00038113716927506844,0.0,LHX2,1,dense,1,169144,some,False
303,0.0,1.0,,LMO2,1,dense,1,169144,some,True
304,0.0,1.0,,MAB21L2,1,dense,1,169144,some,True
305,0.3734140146996566,6.3870756217410435e-87,0.0,MEF2C,1,dense,1,169144,some,False
306,0.15409291583685403,2.6741607123055745e-15,0.0,MEIS1,1,dense,1,169144,some,False
307,0.06997687319270846,0.00035310654516559805,0.0,MEIS2,1,dense,1,169144,some,False
308,0.22060323685714578,4.674444417020945e-30,0.0,MSC,1,dense,1,169144,some,False
309,0.23044856880212541,1.0195991646395385e-32,0.0,MSX2,1,dense,1,169144,some,False
310,-0.10797974837966963,3.340360760526624e-08,0.0,MXI1,1,dense,1,169144,some,False
311,0.2684832127674763,3.2267928644226217e-44,1.0,MYB,1,dense,1,169144,some,False
312,0.21205405457509285,7.557091064806345e-28,0.0,MYBL2,1,dense,1,169144,some,False
313,0.31047737201236897,2.8196889347747593e-59,1.0,MYC,1,dense,1,169144,some,False
314,0.4037732419338898,1.1739293125956903e-102,0.0,NEUROD1,1,dense,1,169144,some,False
315,0.36264120527762744,9.960688525217016e-82,0.0,NEUROD2,1,dense,1,169144,some,False
316,0.24228817354314308,4.350762883594017e-36,0.0,NFATC1,1,dense,1,169144,some,False
317,0.1964832464095924,4.5752948066260904e-24,1.0,NFE2L1,1,dense,1,169144,some,False
318,0.237879680704592,8.225281600356884e-35,0.0,NFIB,1,dense,1,169144,some,False
319,0.30205038941082396,4.778017579333899e-56,0.0,NFIC,1,dense,1,169144,some,False
320,0.2585825490581602,4.923406681364677e-41,0.0,NFIL3,1,dense,1,169144,some,False
321,0.15138836180702986,8.173770466772896e-15,0.0,NKX2-1,1,dense,1,169144,some,False
322,0.2237450713911501,6.827100804010637e-31,0.0,NKX2-5,1,dense,1,169144,some,False
323,0.17817481322733236,5.217524084064301e-20,0.0,NPAS2,1,dense,1,169144,some,False
324,0.180382475111935,1.7795474748693924e-20,0.0,NR1D2,1,dense,1,169144,some,False
325,0.3029855738784762,2.1190836585680107e-56,0.0,NR2F2,1,dense,1,169144,some,False
326,0.18545874208266422,1.4233326242535218e-21,0.0,NR3C1,1,dense,1,169144,some,True
327,0.16922096970428296,3.554978881196034e-18,0.0,NR4A2,1,dense,1,169144,some,True
328,0.2669101041904665,1.0561112195780404e-43,0.0,NR4A3,1,dense,1,169144,some,False
329,0.13958138726855854,8.489652602092101e-13,0.0,OLIG2,1,dense,1,169144,some,False
330,0.0,1.0,,OSTF1,1,dense,1,169144,some,True
331,0.29514501550110667,1.7635850488724685e-53,0.0,PATZ1,1,dense,1,169144,some,False
332,0.3097531345568055,5.3939601404314e-59,0.0,PAX5,1,dense,1,169144,some,False
333,0.17139416945338173,1.3027630269780467e-18,0.0,PAX6,1,dense,1,169144,some,False
334,0.36201678338138893,1.9643688709574908e-81,0.0,PAX8,1,dense,1,169144,some,False
335,0.07741351105524205,7.697003995690515e-05,0.0,PBX1,1,dense,1,169144,some,False
336,0.24019447833852478,1.7704677306296713e-35,0.0,PITX2,1,dense,1,169144,some,False
337,0.1897005657717839,1.6296938565965234e-22,1.0,PLXNB3,1,dense,1,169144,some,True
338,0.0,1.0,,PML,1,dense,1,169144,some,True
339,0.12707467336819625,7.688193637761471e-11,0.0,POU2AF1,1,dense,1,169144,some,True
340,0.13846245586626557,1.292520457276676e-12,0.0,POU2F2,1,dense,1,169144,some,False
341,0.1281823723498771,5.2465600645145296e-11,0.0,PPARG,1,dense,1,169144,some,False
342,0.36347846290475777,3.997530012370115e-82,0.0,PRDM1,1,dense,1,169144,some,False
343,0.0,1.0,,PTAFR,1,dense,1,169144,some,True
344,0.2145633948167258,1.7372824485588364e-28,0.0,RARG,1,dense,1,169144,some,False
345,0.11970619980810954,8.985014096124868e-10,0.0,RFX5,1,dense,1,169144,some,False
346,0.24044795222614618,1.4948873394459533e-35,1.0,RFXAP,1,dense,1,169144,some,True
347,0.0,1.0,,RPS6KA1,1,dense,1,169144,some,True
348,0.32349696573285946,1.776424760224079e-64,0.0,RUNX1,1,dense,1,169144,some,False
349,0.24407368669270277,1.300506986534917e-36,0.0,RUNX3,1,dense,1,169144,some,False
350,0.0,1.0,,RUVBL2,1,dense,1,169144,some,True
351,0.06616310190190215,0.0007309604088079387,1.0,RXRA,1,dense,1,169144,some,False
352,0.15351572475836892,3.3999886287686955e-15,1.0,SALL1,1,dense,1,169144,some,False
353,0.0,1.0,,SAP30,1,dense,1,169144,some,True
354,0.18352958632934574,3.749408008666236e-21,1.0,SIRT3,1,dense,1,169144,some,False
355,0.0994304396266657,3.7139217652848953e-07,0.0,SIX1,1,dense,1,169144,some,False
356,0.14118732010349283,4.616505144504472e-13,0.0,SMAD1,1,dense,1,169144,some,False
357,0.1501522465374976,1.3529804083567534e-14,0.0,SMAD5,1,dense,1,169144,some,False
358,0.14562801187509974,8.25762504412668e-14,0.0,SMAD7,1,dense,1,169144,some,False
359,0.04956359153118804,0.011437024270008854,0.0,SMARCA4,1,dense,1,169144,some,False
360,0.16819250762142457,5.6905523998092035e-18,0.0,SNAI1,1,dense,1,169144,some,False
361,0.29926722943477674,5.2771736233224765e-55,0.0,SNAI2,1,dense,1,169144,some,False
362,0.0,1.0,,SNAPC1,1,dense,1,169144,some,True
363,0.30482999415539686,4.225937808748621e-57,0.0,SOX10,1,dense,1,169144,some,False
364,0.3507632613045168,3.137976766526349e-76,0.0,SOX17,1,dense,1,169144,some,False
365,0.11646187975704639,2.5336232693258313e-09,0.0,SOX2,1,dense,1,169144,some,False
366,0.3578145027730512,1.8239342067623346e-79,0.0,SOX5,1,dense,1,169144,some,False
367,0.222300900387952,1.6591123302610948e-30,0.0,SOX6,1,dense,1,169144,some,False
368,0.39632712591235664,1.2127330601229544e-98,0.0,SOX7,1,dense,1,169144,some,False
369,0.2570748775467052,1.4626627351681942e-40,0.0,SOX9,1,dense,1,169144,some,False
370,0.21699188871890063,4.1136398719518844e-29,0.0,SPI1,1,dense,1,169144,some,False
371,0.3524069915303584,5.620124150991306e-77,0.0,SPIB,1,dense,1,169144,some,False
372,0.0,1.0,,STAT4,1,dense,1,169144,some,True
373,0.21776663785396316,2.5883695805788545e-29,1.0,STAT5A,1,dense,1,169144,some,True
374,0.22772876014232615,5.705927679504425e-32,1.0,SUB1,1,dense,1,169144,some,False
375,0.05829980629051072,0.0029247768133804,0.0,TAL1,1,dense,1,169144,some,False
376,0.25579935466406906,3.6540109908377328e-40,0.0,TBX3,1,dense,1,169144,some,False
377,0.29459508110948796,2.8042570175985427e-53,0.0,TBX4,1,dense,1,169144,some,True
378,0.3873773275027828,5.941607210142859e-94,0.0,TBX5,1,dense,1,169144,some,False
379,0.25018760158832903,1.9306740465254903e-38,0.0,TCF4,1,dense,1,169144,some,False
380,0.15435295708600819,2.3992285296360862e-15,0.0,TCF7L2,1,dense,1,169144,some,False
381,0.0005888811126358552,0.9760430852937422,0.0,TEAD4,1,dense,1,169144,some,False
382,0.15850236696439735,4.1427575787271466e-16,0.0,TFAP2A,1,dense,1,169144,some,False
383,0.2621198452206735,3.719564174480854e-42,0.0,TFAP2C,1,dense,1,169144,some,False
384,0.3514414481663689,1.545341437125134e-76,0.0,TFCP2L1,1,dense,1,169144,some,False
385,0.2635939318287255,1.2528699303257485e-42,0.0,TFE3,1,dense,1,169144,some,False
386,0.0,1.0,,TGM2,1,dense,1,169144,some,True
387,0.18877999425901806,2.619819399800625e-22,0.0,TP53,1,dense,1,169144,some,False
388,0.0,1.0,,TRPV2,1,dense,1,169144,some,True
389,0.10611386747118827,5.743308612697349e-08,0.0,TSHZ1,1,dense,1,169144,some,True
390,0.0,1.0,,TYRP1,1,dense,1,169144,some,True
391,0.16486926422353296,2.5502071261807018e-17,0.0,VDR,1,dense,1,169144,some,True
392,0.0,1.0,,WRNIP1,1,dense,1,169144,some,True
393,0.3201435299492847,4.111082413672767e-63,0.0,ZBED4,1,dense,1,169144,some,False
394,0.3583623602416719,1.0142533087745375e-79,0.0,ZIC1,1,dense,1,169144,some,False
395,0.0,1.0,,ZMYND12,1,dense,1,169144,some,True
396,0.1433162824342262,2.0364615550460957e-13,0.0,ZNF274,1,dense,1,169144,some,True
397,0.18986635062550974,1.4957725930271204e-22,0.0,ZNF281,1,dense,1,169144,some,False
398,0.1941357186193318,1.5995383845522706e-23,0.0,ARID3B,1,dense,1,169144,some,False
399,0.2292310115604048,2.210237571336338e-32,0.0,BMP2,1,dense,1,169144,some,False
400,0.24965560311794815,2.7978056834037184e-38,0.0,BMP7,1,dense,1,169144,some,False
401,0.0515687345894039,0.008500796268841256,0.0,CBFB,1,dense,1,169144,some,False
402,0.0,1.0,,CBX3,1,dense,1,169144,some,True
403,0.15219676914201138,5.865410387922679e-15,1.0,CXXC5,1,dense,1,169144,some,False
404,0.06024874093903152,0.0021037260040757707,1.0,DMRT2,1,dense,1,169144,some,False
405,0.11193254467957067,1.0281844937719336e-08,1.0,E2F3,1,dense,1,169144,some,False
406,0.13612056038619041,3.0813397710713587e-12,0.0,E2F5,1,dense,1,169144,some,False
407,0.11184060778492036,1.0572450979167865e-08,1.0,EMX2,1,dense,1,169144,some,False
408,0.14710107970559289,4.610518024754491e-14,0.0,ETV4,1,dense,1,169144,some,False
409,0.0,1.0,,FGR,1,dense,1,169144,some,True
410,0.16153291238030665,1.1145750295105915e-16,0.0,FOSB,1,dense,1,169144,some,False
411,0.09398477675628399,1.5599537606378322e-06,1.0,HES6,1,dense,1,169144,some,False
412,0.12613952984624308,1.0587964660024243e-10,0.0,HMGA1,1,dense,1,169144,some,False
413,0.08110290298885817,3.432765326560053e-05,0.0,HOXA7,1,dense,1,169144,some,False
414,0.07191693034259568,0.0002405029770530384,1.0,KLF6,1,dense,1,169144,some,False
415,0.0673509286210741,0.0005850073045330684,1.0,MYCN,1,dense,1,169144,some,False
416,0.058118182976899344,0.0030145553283632397,1.0,NFYA,1,dense,1,169144,some,False
417,0.19004379366798604,1.3644835756449022e-22,0.0,OSR1,1,dense,1,169144,some,False
418,0.0,1.0,,PGF,1,dense,1,169144,some,True
419,0.0,1.0,,PRICKLE1,1,dense,1,169144,some,True
420,0.0,1.0,,S1PR1,1,dense,1,169144,some,True
421,0.05897904195771512,0.0026102190365283966,1.0,SATB1,1,dense,1,169144,some,False
422,0.07556714819013578,0.00011381806163345038,1.0,TEAD2,1,dense,1,169144,some,False
423,0.19256627247526853,3.6605390651800234e-23,1.0,TEF,1,dense,1,169144,some,False
424,0.0,1.0,,TGFBR2,1,dense,1,169144,some,True
425,0.10210165109225246,1.7860369693072357e-07,1.0,THRA,1,dense,1,169144,some,False
426,0.15431045936304807,2.4421770780659946e-15,0.0,TNF,1,dense,1,169144,some,False
427,0.09401854286476705,1.5464990041393923e-06,0.0,ZNF74,1,dense,1,169144,some,False
428,0.23003266855967464,1.3286947819382838e-32,0.0,ARID3A,2,dense,1,1430478,some,False
429,0.2649161974653093,4.692724215924625e-43,0.0,ARNT2,2,dense,1,1430478,some,False
430,0.3930014765212411,6.975410236798155e-97,0.0,ASCL1,2,dense,1,1430478,some,False
431,0.17012874896159155,2.3411270833743876e-18,0.0,ASCL2,2,dense,1,1430478,some,False
432,0.21102258548559988,1.3754877090958995e-27,0.0,ATF3,2,dense,1,1430478,some,False
433,0.2543802171790853,1.0058727348720798e-39,0.0,BATF,2,dense,1,1430478,some,True
434,0.1199838783675901,8.211477398894096e-10,0.0,BATF3,2,dense,1,1430478,some,True
435,0.4364980502095864,1.47347656604169e-121,1.0,BCL6,2,dense,1,1430478,some,False
436,0.41014735339845854,3.5563859957664453e-106,0.0,BMP4,2,dense,1,1430478,some,False
437,0.21805286165004012,2.180209522917381e-29,0.0,BRF2,2,dense,1,1430478,some,True
438,0.14643595300801268,6.002773048059435e-14,0.0,CBX2,2,dense,1,1430478,some,False
439,0.0,1.0,,CCNE1,2,dense,1,1430478,some,True
440,0.0,1.0,,CDYL,2,dense,1,1430478,some,True
441,0.4766091711158353,9.523940313610622e-148,0.0,CEBPA,2,dense,1,1430478,some,False
442,0.3373211182067959,2.7494620859644286e-70,0.0,CEBPB,2,dense,1,1430478,some,False
443,0.2409884588786421,1.041438562353686e-35,0.0,CEBPD,2,dense,1,1430478,some,False
444,0.0,1.0,,CRY1,2,dense,1,1430478,some,True
445,0.0,1.0,,CRY2,2,dense,1,1430478,some,True
446,0.1780474006993856,5.549355657803127e-20,0.0,CTBP2,2,dense,1,1430478,some,False
447,0.3417861171065724,3.146142351537742e-72,0.0,CUX1,2,dense,1,1430478,some,False
448,0.0,1.0,,DEDD2,2,dense,1,1430478,some,True
449,0.3334249921369556,1.2803165695188442e-68,0.0,DLX5,2,dense,1,1430478,some,False
450,0.22336832648610422,8.611951304230514e-31,0.0,E2F1,2,dense,1,1430478,some,False
451,0.1530944347686246,4.048991345836798e-15,1.0,E2F6,2,dense,1,1430478,some,True
452,0.018647069452346225,0.3416085291550369,0.0,E2F7,2,dense,1,1430478,some,False
453,0.26725408735385225,8.154671037962305e-44,1.0,EGR1,2,dense,1,1430478,some,False
454,0.5388868742137802,5.0858683123122515e-196,0.0,EGR2,2,dense,1,1430478,some,False
455,0.5117403354024795,9.66802123326229e-174,0.0,EHF,2,dense,1,1430478,some,False
456,0.33484950779418776,3.1639711849165276e-69,0.0,ELF1,2,dense,1,1430478,some,False
457,0.45594783292086816,8.061934958946282e-134,0.0,ELF4,2,dense,1,1430478,some,False
458,0.3122771121932676,5.581089766310568e-60,0.0,ELK3,2,dense,1,1430478,some,False
459,0.0,1.0,,ELL2,2,dense,1,1430478,some,True
460,0.21502363589787035,1.32399082158625e-28,0.0,EN1,2,dense,1,1430478,some,False
461,0.29809390303770417,1.4412382839406928e-54,1.0,EOMES,2,dense,1,1430478,some,False
462,0.33337759531307276,1.3410997958852928e-68,0.0,ERG,2,dense,1,1430478,some,True
463,0.46465622164121523,1.42159365850372e-139,0.0,ESR1,2,dense,1,1430478,some,False
464,0.1820001495970794,8.020170196149044e-21,0.0,ESRRA,2,dense,1,1430478,some,False
465,0.2387910160827369,4.501762195048577e-35,0.0,ESRRG,2,dense,1,1430478,some,False
466,0.32830920319635426,1.8241580835897477e-66,0.0,ETS1,2,dense,1,1430478,some,False
467,0.3299078358735957,3.9126201582878384e-67,0.0,ETS2,2,dense,1,1430478,some,False
468,0.23839593108795237,5.847917542232365e-35,0.0,ETV1,2,dense,1,1430478,some,False
469,0.13248195588628017,1.1539649471649497e-11,0.0,ETV5,2,dense,1,1430478,some,False
470,0.2859895694279126,3.484966279137286e-50,1.0,ETV6,2,dense,1,1430478,some,False
471,0.5341567844505488,5.440929088505854e-192,0.0,FLI1,2,dense,1,1430478,some,False
472,0.25605667833157164,3.0390145050194473e-40,0.0,FOS,2,dense,1,1430478,some,False
473,0.39737319223075507,3.3576525181604274e-99,1.0,FOSL1,2,dense,1,1430478,some,False
474,0.4381565197217384,1.4244928408870084e-122,0.0,FOXA1,2,dense,1,1430478,some,False
475,0.23201950729681814,3.732570183081739e-33,0.0,FOXG1,2,dense,1,1430478,some,False
476,0.30321019517022835,1.742381595296703e-56,0.0,FOXM1,2,dense,1,1430478,some,False
477,0.025260489500895815,0.19761834003358353,0.0,FOXN3,2,dense,1,1430478,some,False
478,0.4748907937397226,1.4928439707438116e-146,0.0,FOXP1,2,dense,1,1430478,some,False
479,0.18263226391160922,5.86211813532189e-21,0.0,FOXS1,2,dense,1,1430478,some,False
480,0.31817712234666873,2.546561150692748e-62,0.0,GATA1,2,dense,1,1430478,some,False
481,0.13028308711774828,2.5190342752898462e-11,0.0,GATA2,2,dense,1,1430478,some,False
482,0.33823554529708516,1.1072390058621744e-70,0.0,GATA3,2,dense,1,1430478,some,False
483,0.327200816876615,5.275562440496917e-66,0.0,GATA6,2,dense,1,1430478,some,False
484,0.20790087802097001,8.266788485347595e-27,0.0,GRHL2,2,dense,1,1430478,some,False
485,0.1768804261182028,9.74036246294209e-20,0.0,GTF3C2,2,dense,1,1430478,some,True
486,0.0,1.0,,H2AFZ,2,dense,1,1430478,some,True
487,0.23473197693688722,6.468063288027671e-34,1.0,HDAC2,2,dense,1,1430478,some,False
488,0.22256698409310494,1.4093779293879031e-30,1.0,HDAC6,2,dense,1,1430478,some,True
489,0.17845328596545973,4.558990988728204e-20,0.0,HES1,2,dense,1,1430478,some,False
490,0.1389761980014168,1.0661202823724939e-12,0.0,HESX1,2,dense,1,1430478,some,False
491,0.29878862623860364,7.954799614502579e-55,0.0,HEY1,2,dense,1,1430478,some,False
492,0.1554904216994201,1.4894538015880075e-15,0.0,HMGN1,2,dense,1,1430478,some,False
493,0.16292230606564023,6.053405710584141e-17,0.0,HMGXB4,2,dense,1,1430478,some,False
494,0.1315261473778856,1.6227866445024618e-11,0.0,HOPX,2,dense,1,1430478,some,False
495,0.037353775267117875,0.0567119349833689,0.0,HOXA10,2,dense,1,1430478,some,False
496,0.1702401055453789,2.2238330610258526e-18,0.0,HOXB3,2,dense,1,1430478,some,False
497,0.09822609532989074,5.135082889355813e-07,0.0,ID1,2,dense,1,1430478,some,False
498,0.10954666287350115,2.1041451293406288e-08,0.0,ID3,2,dense,1,1430478,some,False
499,0.41489848467465207,7.55129553196747e-109,0.0,IKZF1,2,dense,1,1430478,some,False
500,0.37425934116133425,2.451112681937137e-87,0.0,IRF1,2,dense,1,1430478,some,False
501,0.3420907970679106,2.31274900906393e-72,0.0,IRF4,2,dense,1,1430478,some,False
502,0.4217127617302374,9.292495925536837e-113,0.0,IRF5,2,dense,1,1430478,some,False
503,0.0,1.0,,JAG1,2,dense,1,1430478,some,True
504,0.3164757670817914,1.2201293952950794e-61,0.0,JUN,2,dense,1,1430478,some,False
505,0.3329973695965254,1.9450414435173446e-68,0.0,JUNB,2,dense,1,1430478,some,False
506,0.1283025134567311,5.032571437982359e-11,0.0,KDM1A,2,dense,1,1430478,some,False
507,0.2223937910915106,1.5673027401579222e-30,1.0,KDM5B,2,dense,1,1430478,some,False
508,0.33670304992663985,5.075496116052505e-70,0.0,KLF1,2,dense,1,1430478,some,False
509,0.31426741258369545,9.1838610687313e-61,0.0,KLF11,2,dense,1,1430478,some,True
510,0.45177708339043177,4.0127633834423503e-131,0.0,KLF12,2,dense,1,1430478,some,False
511,0.5360865254949435,1.2576890097629094e-193,0.0,KLF15,2,dense,1,1430478,some,False
512,0.4470386602684456,4.190625336850188e-128,0.0,KLF2,2,dense,1,1430478,some,False
513,0.5521927938839312,1.0486712688163761e-207,0.0,KLF4,2,dense,1,1430478,some,False
514,0.1833665369211267,4.067284720245762e-21,0.0,KLF5,2,dense,1,1430478,some,False
515,0.4061297119694489,5.994580248646462e-104,0.0,KLF9,2,dense,1,1430478,some,False
516,0.12598385094778383,1.1164828655004701e-10,0.0,LHX2,2,dense,1,1430478,some,False
517,0.15123107336129105,8.717127935967088e-15,0.0,LMO2,2,dense,1,1430478,some,True
518,0.0,1.0,,MAB21L2,2,dense,1,1430478,some,True
519,0.4914807289933766,2.2122926079323594e-158,0.0,MEF2C,2,dense,1,1430478,some,False
520,0.227225471075655,7.82807075432219e-32,0.0,MEIS1,2,dense,1,1430478,some,False
521,0.09788866912393569,5.619259586554108e-07,0.0,MEIS2,2,dense,1,1430478,some,False
522,0.23965272092351184,2.540094311625194e-35,0.0,MSC,2,dense,1,1430478,some,False
523,0.26106617693531015,8.062093923920924e-42,0.0,MSX2,2,dense,1,1430478,some,False
524,-0.011239457965853126,0.5665259616577465,0.0,MXI1,2,dense,1,1430478,some,False
525,0.4913325000936829,2.840852496397039e-158,0.0,MYB,2,dense,1,1430478,some,False
526,0.24201735987859374,5.220792921768098e-36,0.0,MYBL2,2,dense,1,1430478,some,False
527,0.38650540046200826,1.6714612128467821e-93,1.0,MYC,2,dense,1,1430478,some,False
528,0.5038019103555184,1.3410291310362305e-167,0.0,NEUROD1,2,dense,1,1430478,some,False
529,0.47051886188228786,1.528438320604283e-143,0.0,NEUROD2,2,dense,1,1430478,some,False
530,0.3229915748344793,2.8594935888143406e-64,0.0,NFATC1,2,dense,1,1430478,some,False
531,0.23587618881457553,3.0671403018292137e-34,1.0,NFE2L1,2,dense,1,1430478,some,False
532,0.35232261153539435,6.14039572493605e-77,0.0,NFIB,2,dense,1,1430478,some,False
533,0.41976939871687524,1.2371527347299865e-111,0.0,NFIC,2,dense,1,1430478,some,False
534,0.33956080221921675,2.9470739970427435e-71,0.0,NFIL3,2,dense,1,1430478,some,False
535,0.2542812814413522,1.0791931170706216e-39,0.0,NKX2-1,2,dense,1,1430478,some,False
536,0.28063433529633963,2.5926581225599788e-48,0.0,NKX2-5,2,dense,1,1430478,some,False
537,0.30142670182708015,8.203729976306601e-56,0.0,NPAS2,2,dense,1,1430478,some,False
538,0.2166123616774147,5.158279178367821e-29,0.0,NR1D2,2,dense,1,1430478,some,False
539,0.4309314559913663,3.4120649405990372e-118,0.0,NR2F2,2,dense,1,1430478,some,False
540,0.18119288629967958,1.194850977553779e-20,0.0,NR3C1,2,dense,1,1430478,some,True
541,0.18116220716286183,1.2130465957909015e-20,0.0,NR4A2,2,dense,1,1430478,some,True
542,0.361727150826708,2.6903067734264995e-81,0.0,NR4A3,2,dense,1,1430478,some,False
543,0.2273831998711903,7.090099478564081e-32,0.0,OLIG2,2,dense,1,1430478,some,False
544,0.0,1.0,,OSTF1,2,dense,1,1430478,some,True
545,0.3702556756014025,2.2304814230601323e-85,0.0,PATZ1,2,dense,1,1430478,some,False
546,0.36690724936850105,9.238737404394792e-84,0.0,PAX5,2,dense,1,1430478,some,False
547,0.18624564999790058,9.558585544709119e-22,0.0,PAX6,2,dense,1,1430478,some,False
548,0.473749080002777,9.211978720143094e-146,0.0,PAX8,2,dense,1,1430478,some,False
549,0.07337261193185843,0.00017918024129537992,0.0,PBX1,2,dense,1,1430478,some,False
550,0.3277810155007906,3.027502973008839e-66,0.0,PITX2,2,dense,1,1430478,some,False
551,0.2202125283128609,5.9255791784547456e-30,1.0,PLXNB3,2,dense,1,1430478,some,True
552,0.20243308472210553,1.784850687616176e-25,1.0,PML,2,dense,1,1430478,some,True
553,0.12710825936605982,7.60000023663851e-11,0.0,POU2AF1,2,dense,1,1430478,some,True
554,0.137640652185557,1.7561918475922625e-12,0.0,POU2F2,2,dense,1,1430478,some,False
555,0.19039159679365883,1.139337322238856e-22,0.0,PPARG,2,dense,1,1430478,some,False
556,0.44301740849928023,1.402596914423746e-125,0.0,PRDM1,2,dense,1,1430478,some,False
557,0.0,1.0,,PTAFR,2,dense,1,1430478,some,True
558,0.2008528349331977,4.267194035421653e-25,0.0,RARG,2,dense,1,1430478,some,False
559,0.1229645745534403,3.08410675818484e-10,0.0,RFX5,2,dense,1,1430478,some,False
560,0.25017451679835256,1.9483910441894613e-38,1.0,RFXAP,2,dense,1,1430478,some,True
561,0.0,1.0,,RPS6KA1,2,dense,1,1430478,some,True
562,0.4014661223945691,2.110542644846737e-101,0.0,RUNX1,2,dense,1,1430478,some,False
563,0.37535915321236574,7.020146344774527e-88,0.0,RUNX3,2,dense,1,1430478,some,False
564,0.0,1.0,,RUVBL2,2,dense,1,1430478,some,True
565,0.07125463923420945,0.0002744836884450752,0.0,RXRA,2,dense,1,1430478,some,False
566,0.1750228494426716,2.3661968698696537e-19,1.0,SALL1,2,dense,1,1430478,some,False
567,0.0,1.0,,SAP30,2,dense,1,1430478,some,True
568,0.2351271597014216,5.000980513768004e-34,1.0,SIRT3,2,dense,1,1430478,some,False
569,0.17740070388947018,7.583155940279971e-20,0.0,SIX1,2,dense,1,1430478,some,False
570,0.13298163946346045,9.646267194091204e-12,0.0,SMAD1,2,dense,1,1430478,some,False
571,0.15466319956187644,2.1074344207696498e-15,1.0,SMAD5,2,dense,1,1430478,some,False
572,0.15668644597536313,8.987745412401335e-16,0.0,SMAD7,2,dense,1,1430478,some,False
573,0.055671879843115266,0.0044944606797772705,0.0,SMARCA4,2,dense,1,1430478,some,False
574,0.179401801974699,2.8745331592130427e-20,0.0,SNAI1,2,dense,1,1430478,some,False
575,0.39172845699957326,3.249840342494768e-96,0.0,SNAI2,2,dense,1,1430478,some,False
576,0.0,1.0,,SNAPC1,2,dense,1,1430478,some,True
577,0.3858523412156916,3.6194438010817443e-93,0.0,SOX10,2,dense,1,1430478,some,False
578,0.4348596477788411,1.462889681975254e-120,0.0,SOX17,2,dense,1,1430478,some,False
579,0.22447810287656833,4.339620102805519e-31,0.0,SOX2,2,dense,1,1430478,some,False
580,0.4703470110698881,2.0030032512917808e-143,0.0,SOX5,2,dense,1,1430478,some,False
581,0.21402029901405084,2.3919102716672494e-28,0.0,SOX6,2,dense,1,1430478,some,False
582,0.45064121588391914,2.145183439596777e-130,0.0,SOX7,2,dense,1,1430478,some,False
583,0.27494404946010786,2.277403522892876e-46,0.0,SOX9,2,dense,1,1430478,some,False
584,0.25108837674848367,1.028120447133209e-38,0.0,SPI1,2,dense,1,1430478,some,False
585,0.49940730512186593,2.87371536801021e-164,0.0,SPIB,2,dense,1,1430478,some,False
586,0.24150340339562879,7.374261274140191e-36,0.0,STAT4,2,dense,1,1430478,some,True
587,0.24996006967615114,2.2628772925196064e-38,1.0,STAT5A,2,dense,1,1430478,some,True
588,0.213981045670233,2.4477529629470934e-28,1.0,SUB1,2,dense,1,1430478,some,False
589,0.05648519140020539,0.003941957389840827,0.0,TAL1,2,dense,1,1430478,some,False
590,0.293272674909577,8.518294960219207e-53,0.0,TBX3,2,dense,1,1430478,some,False
591,0.33602921834606686,9.886314525384969e-70,0.0,TBX4,2,dense,1,1430478,some,True
592,0.5075942192541931,1.635023966601424e-170,0.0,TBX5,2,dense,1,1430478,some,False
593,0.21283213396164366,4.800036274412944e-28,0.0,TCF4,2,dense,1,1430478,some,False
594,0.16201758178358402,9.013522087450689e-17,0.0,TCF7L2,2,dense,1,1430478,some,False
595,-0.13841301080511384,1.3166493282419265e-12,0.0,TEAD4,2,dense,1,1430478,some,False
596,0.15751208896540123,6.327160185436257e-16,0.0,TFAP2A,2,dense,1,1430478,some,False
597,0.32079229508146717,2.2456918888857136e-63,0.0,TFAP2C,2,dense,1,1430478,some,False
598,0.4309443175618778,3.352090075582038e-118,0.0,TFCP2L1,2,dense,1,1430478,some,False
599,0.3088884368834009,1.1673783304606585e-58,0.0,TFE3,2,dense,1,1430478,some,False
600,0.0,1.0,,TGM2,2,dense,1,1430478,some,True
601,0.16261960857387184,6.917608698033343e-17,0.0,TP53,2,dense,1,1430478,some,False
602,0.0,1.0,,TRPV2,2,dense,1,1430478,some,True
603,0.11983656540538001,8.613391950980985e-10,0.0,TSHZ1,2,dense,1,1430478,some,True
604,0.0,1.0,,TYRP1,2,dense,1,1430478,some,True
605,0.20031724310176502,5.724308218908603e-25,0.0,VDR,2,dense,1,1430478,some,True
606,0.0,1.0,,WRNIP1,2,dense,1,1430478,some,True
607,0.4456095418567842,3.337452727755026e-127,0.0,ZBED4,2,dense,1,1430478,some,False
608,0.44948587756094455,1.1725612091385308e-129,0.0,ZIC1,2,dense,1,1430478,some,False
609,0.0,1.0,,ZMYND12,2,dense,1,1430478,some,True
610,0.16525943518680403,2.141846614480326e-17,1.0,ZNF274,2,dense,1,1430478,some,True
611,0.1692105531929262,3.5720115396271315e-18,0.0,ZNF281,2,dense,1,1430478,some,False
612,0.1925691702174095,3.654971844315882e-23,0.0,ARID3B,2,dense,1,1430478,some,False
613,0.22888282467726634,2.7553014509046516e-32,0.0,BMP2,2,dense,1,1430478,some,False
614,0.25403494472919647,1.2856467390703398e-39,0.0,BMP7,2,dense,1,1430478,some,False
615,0.05199914606730674,0.007966253938565395,0.0,CBFB,2,dense,1,1430478,some,False
616,0.0,1.0,,CBX3,2,dense,1,1430478,some,True
617,0.14992385441477932,1.4843343853143064e-14,1.0,CXXC5,2,dense,1,1430478,some,False
618,0.060234396223865776,0.002108905956930376,1.0,DMRT2,2,dense,1,1430478,some,False
619,0.12835455242477944,4.9425533986131107e-11,1.0,E2F3,2,dense,1,1430478,some,False
620,0.13682160650667916,2.379413283383344e-12,0.0,E2F5,2,dense,1,1430478,some,False
621,0.11175177518114153,1.0860814902955228e-08,1.0,EMX2,2,dense,1,1430478,some,False
622,0.1377411040954194,1.6917689896820578e-12,0.0,ETV4,2,dense,1,1430478,some,False
623,0.0,1.0,,FGR,2,dense,1,1430478,some,True
624,0.16160461947730803,1.0801497091123551e-16,0.0,FOSB,2,dense,1,1430478,some,False
625,0.09279326968815663,2.1137181156454327e-06,1.0,HES6,2,dense,1,1430478,some,False
626,0.1418820044612282,3.539337047746983e-13,0.0,HMGA1,2,dense,1,1430478,some,False
627,0.08111539795842887,3.423190121914802e-05,0.0,HOXA7,2,dense,1,1430478,some,False
628,0.07182753231901311,0.00024484756043082086,1.0,KLF6,2,dense,1,1430478,some,False
629,0.06736150313597229,0.0005838392712755296,1.0,MYCN,2,dense,1,1430478,some,False
630,0.05819743130727618,0.002975077418688874,1.0,NFYA,2,dense,1,1430478,some,False
631,0.1901072348823195,1.3203659188608037e-22,0.0,OSR1,2,dense,1,1430478,some,False
632,0.0,1.0,,PGF,2,dense,1,1430478,some,True
633,0.0,1.0,,PRICKLE1,2,dense,1,1430478,some,True
634,0.0,1.0,,S1PR1,2,dense,1,1430478,some,True
635,0.0587859981023789,0.002696317909579849,1.0,SATB1,2,dense,1,1430478,some,False
636,0.06882015951524455,0.0004419830484715506,1.0,TEAD2,2,dense,1,1430478,some,False
637,0.19260079140707226,3.594762265799127e-23,1.0,TEF,2,dense,1,1430478,some,False
638,0.0,1.0,,TGFBR2,2,dense,1,1430478,some,True
639,0.1473846481007118,4.118421724500544e-14,1.0,THRA,2,dense,1,1430478,some,False
640,0.15442680809814083,2.32635546704411e-15,0.0,TNF,2,dense,1,1430478,some,False
641,0.11704391823504226,2.1079602834900076e-09,0.0,ZNF74,2,dense,1,1430478,some,False
642,0.2336863840645256,1.2745778628052452e-33,0.0,ARID3A,3,dense,1,12097804,some,False
643,0.26790992655510854,4.975428699265589e-44,0.0,ARNT2,3,dense,1,12097804,some,False
644,0.39311342954201584,6.090558876679062e-97,0.0,ASCL1,3,dense,1,12097804,some,False
645,0.16961668070749328,2.9640185638920715e-18,0.0,ASCL2,3,dense,1,12097804,some,False
646,0.21063025041579653,1.7259651371867307e-27,0.0,ATF3,3,dense,1,12097804,some,False
647,0.2575901179049786,1.0090013471104525e-40,0.0,BATF,3,dense,1,12097804,some,True
648,0.11689837083778948,2.207364355904131e-09,0.0,BATF3,3,dense,1,12097804,some,True
649,0.44271646641005863,2.1602732306273421e-125,1.0,BCL6,3,dense,1,12097804,some,False
650,0.40886020160955516,1.852402413605645e-105,0.0,BMP4,3,dense,1,12097804,some,False
651,0.2164702119023083,5.61392485648444e-29,0.0,BRF2,3,dense,1,12097804,some,True
652,0.14588148702387893,7.47284406599725e-14,0.0,CBX2,3,dense,1,12097804,some,False
653,0.0,1.0,,CCNE1,3,dense,1,12097804,some,True
654,0.0,1.0,,CDYL,3,dense,1,12097804,some,True
655,0.4774721538976274,2.3768311656798715e-148,0.0,CEBPA,3,dense,1,12097804,some,False
656,0.3379696643086963,1.4428869667302992e-70,0.0,CEBPB,3,dense,1,12097804,some,False
657,0.2414403564710252,7.692940758215195e-36,0.0,CEBPD,3,dense,1,12097804,some,False
658,0.0,1.0,,CRY1,3,dense,1,12097804,some,True
659,0.0,1.0,,CRY2,3,dense,1,12097804,some,True
660,0.17773280599202634,6.460630855567256e-20,0.0,CTBP2,3,dense,1,12097804,some,False
661,0.3465135421900919,2.5534678052518965e-74,0.0,CUX1,3,dense,1,12097804,some,False
662,0.0,1.0,,DEDD2,3,dense,1,12097804,some,True
663,0.3346855885605734,3.717525307135108e-69,0.0,DLX5,3,dense,1,12097804,some,False
664,0.22370384413369604,7.00298261771589e-31,0.0,E2F1,3,dense,1,12097804,some,False
665,0.16346629502109067,4.7595528888178925e-17,0.0,E2F6,3,dense,1,12097804,some,True
666,0.017601308684553837,0.36937217419086177,0.0,E2F7,3,dense,1,12097804,some,False
667,0.2643295156811461,7.26026238710812e-43,1.0,EGR1,3,dense,1,12097804,some,False
668,0.5416415668403984,2.1381521229796654e-198,0.0,EGR2,3,dense,1,12097804,some,False
669,0.5132573257922917,6.20876705021304e-175,0.0,EHF,3,dense,1,12097804,some,False
670,0.3360129170754253,1.0046860302692294e-69,0.0,ELF1,3,dense,1,12097804,some,False
671,0.45520033137653065,2.469306250694602e-133,0.0,ELF4,3,dense,1,12097804,some,False
672,0.3103220841430723,3.24093463949672e-59,0.0,ELK3,3,dense,1,12097804,some,False
673,0.0,1.0,,ELL2,3,dense,1,12097804,some,True
674,0.21586689831213318,8.035271454596441e-29,0.0,EN1,3,dense,1,12097804,some,False
675,0.29984235766144635,3.219436643445161e-55,1.0,EOMES,3,dense,1,12097804,some,False
676,0.3338365870685184,8.555375368679901e-69,0.0,ERG,3,dense,1,12097804,some,True
677,0.463498881331725,8.454500746059555e-139,0.0,ESR1,3,dense,1,12097804,some,False
678,0.18281923232642336,5.341894023615929e-21,0.0,ESRRA,3,dense,1,12097804,some,False
679,0.24042927700286654,1.5136489348971605e-35,0.0,ESRRG,3,dense,1,12097804,some,False
680,0.32699579770276876,6.417527452172373e-66,0.0,ETS1,3,dense,1,12097804,some,False
681,0.33357968610558364,1.100391914846707e-68,0.0,ETS2,3,dense,1,12097804,some,False
682,0.23830506086368022,6.2101810320331e-35,0.0,ETV1,3,dense,1,12097804,some,False
683,0.13244152502589623,1.1707861455888333e-11,0.0,ETV5,3,dense,1,12097804,some,False
684,0.285479050019133,5.277091203336008e-50,1.0,ETV6,3,dense,1,12097804,some,False
685,0.5318939077231749,4.372651400484552e-190,0.0,FLI1,3,dense,1,12097804,some,False
686,0.2544390182693485,9.646640101424831e-40,0.0,FOS,3,dense,1,12097804,some,False
687,0.39999321112311415,1.319067973606573e-100,1.0,FOSL1,3,dense,1,12097804,some,False
688,0.44093644110862046,2.7550471240067075e-124,0.0,FOXA1,3,dense,1,12097804,some,False
689,0.23508894487240997,5.127051043704545e-34,0.0,FOXG1,3,dense,1,12097804,some,False
690,0.3049453868047799,3.8189669110817036e-57,0.0,FOXM1,3,dense,1,12097804,some,False
691,0.025028915956755802,0.2017604591199739,0.0,FOXN3,3,dense,1,12097804,some,False
692,0.4765554262762191,1.0382496836968311e-147,0.0,FOXP1,3,dense,1,12097804,some,False
693,0.19013385824186652,1.3022748847905161e-22,0.0,FOXS1,3,dense,1,12097804,some,False
694,0.31915400210086775,1.0309699310591746e-62,0.0,GATA1,3,dense,1,12097804,some,False
695,0.1311944687882348,1.8255508907912156e-11,0.0,GATA2,3,dense,1,12097804,some,False
696,0.339760786300001,2.4121270497475223e-71,0.0,GATA3,3,dense,1,12097804,some,False
697,0.3280533212358797,2.3318863293139477e-66,0.0,GATA6,3,dense,1,12097804,some,False
698,0.20741890820597694,1.0876258234953435e-26,0.0,GRHL2,3,dense,1,12097804,some,False
699,0.17924373875650115,3.1047241599685916e-20,0.0,GTF3C2,3,dense,1,12097804,some,True
700,0.0,1.0,,H2AFZ,3,dense,1,12097804,some,True
701,0.23310201009481862,1.8594323250058056e-33,1.0,HDAC2,3,dense,1,12097804,some,False
702,0.2136686270797762,2.9408157058497035e-28,1.0,HDAC6,3,dense,1,12097804,some,True
703,0.1743029965407143,3.328846904623015e-19,0.0,HES1,3,dense,1,12097804,some,False
704,0.1379083722114809,1.5895996628812743e-12,0.0,HESX1,3,dense,1,12097804,some,False
705,0.3011551013154929,1.0376822138216346e-55,0.0,HEY1,3,dense,1,12097804,some,False
706,0.15564116975591188,1.3978839321766956e-15,0.0,HMGN1,3,dense,1,12097804,some,False
707,0.17120151894077068,1.4247747292174644e-18,0.0,HMGXB4,3,dense,1,12097804,some,False
708,0.13141098282712854,1.690558006527238e-11,0.0,HOPX,3,dense,1,12097804,some,False
709,0.03753412932455607,0.055526781510954006,0.0,HOXA10,3,dense,1,12097804,some,False
710,0.17201476591717416,9.756823168840304e-19,0.0,HOXB3,3,dense,1,12097804,some,False
711,0.09710882899151009,6.912380363168511e-07,0.0,ID1,3,dense,1,12097804,some,False
712,0.10752586055605941,3.814282806242114e-08,0.0,ID3,3,dense,1,12097804,some,False
713,0.41847040821176623,6.915221596309855e-111,0.0,IKZF1,3,dense,1,12097804,some,False
714,0.37533630432760823,7.205247713336782e-88,0.0,IRF1,3,dense,1,12097804,some,False
715,0.34655582767071313,2.4449290697239498e-74,0.0,IRF4,3,dense,1,12097804,some,False
716,0.42048357450510127,4.787542363930042e-112,0.0,IRF5,3,dense,1,12097804,some,False
717,0.0,1.0,,JAG1,3,dense,1,12097804,some,True
718,0.31569624901127247,2.4928197411095342e-61,0.0,JUN,3,dense,1,12097804,some,False
719,0.3372312747296062,3.005975283416873e-70,0.0,JUNB,3,dense,1,12097804,some,False
720,0.12400558187372636,2.1785918061203288e-10,0.0,KDM1A,3,dense,1,12097804,some,False
721,0.22199434246047237,2.0016424672448668e-30,1.0,KDM5B,3,dense,1,12097804,some,False
722,0.33833485362821997,1.0029111464585348e-70,0.0,KLF1,3,dense,1,12097804,some,False
723,0.3113875399809296,1.244652844752941e-59,0.0,KLF11,3,dense,1,12097804,some,True
724,0.4512465259254073,8.787027307240412e-131,0.0,KLF12,3,dense,1,12097804,some,False
725,0.531693868411756,6.43366383924845e-190,0.0,KLF15,3,dense,1,12097804,some,False
726,0.44991966191021493,6.201586554948328e-130,0.0,KLF2,3,dense,1,12097804,some,False
727,0.5498324022247222,1.3558203452412933e-205,0.0,KLF4,3,dense,1,12097804,some,False
728,0.18345904248181985,3.88380589905877e-21,0.0,KLF5,3,dense,1,12097804,some,False
729,0.4072237041585236,1.494337329725264e-104,0.0,KLF9,3,dense,1,12097804,some,False
730,0.13104940270574086,1.9218406681522262e-11,0.0,LHX2,3,dense,1,12097804,some,False
731,0.15091497612061264,9.918735662974424e-15,0.0,LMO2,3,dense,1,12097804,some,True
732,0.0,1.0,,MAB21L2,3,dense,1,12097804,some,True
733,0.49186570404256696,1.154846731868834e-158,0.0,MEF2C,3,dense,1,12097804,some,False
734,0.22791791544819162,5.065553896603552e-32,0.0,MEIS1,3,dense,1,12097804,some,False
735,0.09770771563639269,5.89673550869399e-07,0.0,MEIS2,3,dense,1,12097804,some,False
736,0.24195830188769507,5.4323620793292985e-36,0.0,MSC,3,dense,1,12097804,some,False
737,0.26146856323020745,6.002481316831866e-42,0.0,MSX2,3,dense,1,12097804,some,False
738,-0.006489090104324035,0.7407084864080702,0.0,MXI1,3,dense,1,12097804,some,False
739,0.49464063376291934,1.039510299420056e-160,0.0,MYB,3,dense,1,12097804,some,False
740,0.24554162682136382,4.783273685546776e-37,0.0,MYBL2,3,dense,1,12097804,some,False
741,0.38406646877247713,2.967163910614611e-92,1.0,MYC,3,dense,1,12097804,some,False
742,0.5061997248721867,1.9467007536073253e-169,0.0,NEUROD1,3,dense,1,12097804,some,False
743,0.47195253757362304,1.591949969780323e-144,0.0,NEUROD2,3,dense,1,12097804,some,False
744,0.326881878811889,7.155245865305413e-66,0.0,NFATC1,3,dense,1,12097804,some,False
745,0.23935127070445833,3.10389410588281e-35,1.0,NFE2L1,3,dense,1,12097804,some,False
746,0.3576530988728319,2.1676957937211892e-79,0.0,NFIB,3,dense,1,12097804,some,False
747,0.4224240654668673,3.5873097475002305e-113,0.0,NFIC,3,dense,1,12097804,some,False
748,0.34265192951554035,1.3109669358308723e-72,0.0,NFIL3,3,dense,1,12097804,some,False
749,0.2572936737422035,1.2494334463946377e-40,0.0,NKX2-1,3,dense,1,12097804,some,False
750,0.2831332550811157,3.511979489927283e-49,0.0,NKX2-5,3,dense,1,12097804,some,False
751,0.310060126251957,4.098208140820213e-59,0.0,NPAS2,3,dense,1,12097804,some,False
752,0.21584059166914024,8.16169597844392e-29,0.0,NR1D2,3,dense,1,12097804,some,False
753,0.4341209202198305,4.1009953655890464e-120,0.0,NR2F2,3,dense,1,12097804,some,False
754,0.17957218508965309,2.6452670021625387e-20,0.0,NR3C1,3,dense,1,12097804,some,True
755,0.18235194856279954,6.737253174892915e-21,0.0,NR4A2,3,dense,1,12097804,some,True
756,0.3638194968588927,2.7539049325223965e-82,0.0,NR4A3,3,dense,1,12097804,some,False
757,0.23018415760567965,1.2066050936474341e-32,0.0,OLIG2,3,dense,1,12097804,some,False
758,0.0,1.0,,OSTF1,3,dense,1,12097804,some,True
759,0.3771870590057432,8.693123077592806e-89,0.0,PATZ1,3,dense,1,12097804,some,False
760,0.3659274871176277,2.7238724907721777e-83,0.0,PAX5,3,dense,1,12097804,some,False
761,0.18645415803368565,8.598996843223349e-22,0.0,PAX6,3,dense,1,12097804,some,False
762,0.4744922092964815,2.8201420243529585e-146,0.0,PAX8,3,dense,1,12097804,some,False
763,0.07334302557091377,0.0001802649149320614,0.0,PBX1,3,dense,1,12097804,some,False
764,0.32623276804321516,1.3289459661104237e-65,0.0,PITX2,3,dense,1,12097804,some,False
765,0.22574435455482053,1.976364167753766e-31,1.0,PLXNB3,3,dense,1,12097804,some,True
766,0.19936827747957117,9.613475533471164e-25,1.0,PML,3,dense,1,12097804,some,True
767,0.1271224514113815,7.563031258177525e-11,0.0,POU2AF1,3,dense,1,12097804,some,True
768,0.1375460761178014,1.819041479595324e-12,0.0,POU2F2,3,dense,1,12097804,some,False
769,0.19371553857814997,1.9978277949356804e-23,0.0,PPARG,3,dense,1,12097804,some,False
770,0.4430557401601999,1.327478050466119e-125,0.0,PRDM1,3,dense,1,12097804,some,False
771,0.0,1.0,,PTAFR,3,dense,1,12097804,some,True
772,0.1974235124959277,2.7590137281745365e-24,0.0,RARG,3,dense,1,12097804,some,False
773,0.1229992836076393,3.04871309156977e-10,0.0,RFX5,3,dense,1,12097804,some,False
774,0.2502596098757648,1.8359999446706747e-38,1.0,RFXAP,3,dense,1,12097804,some,True
775,0.0,1.0,,RPS6KA1,3,dense,1,12097804,some,True
776,0.4018617575544032,1.2880394509995058e-101,0.0,RUNX1,3,dense,1,12097804,some,False
777,0.3779548317246194,3.600768581884846e-89,0.0,RUNX3,3,dense,1,12097804,some,False
778,0.0,1.0,,RUVBL2,3,dense,1,12097804,some,True
779,0.06870341250264107,0.00045202848666636876,0.0,RXRA,3,dense,1,12097804,some,False
780,0.17811414309491205,5.3730131407838e-20,1.0,SALL1,3,dense,1,12097804,some,False
781,0.0,1.0,,SAP30,3,dense,1,12097804,some,True
782,0.2390881094754129,3.696638778357876e-35,1.0,SIRT3,3,dense,1,12097804,some,False
783,0.1780452891961691,5.555026854745148e-20,0.0,SIX1,3,dense,1,12097804,some,False
784,0.13054054799593043,2.30053119986912e-11,0.0,SMAD1,3,dense,1,12097804,some,False
785,0.15459215700912154,2.1710029830267053e-15,1.0,SMAD5,3,dense,1,12097804,some,False
786,0.15644224059026415,9.967416862014284e-16,0.0,SMAD7,3,dense,1,12097804,some,False
787,0.057061113599387134,0.0035888133479604835,0.0,SMARCA4,3,dense,1,12097804,some,False
788,0.17986563014349846,2.2920052512211983e-20,0.0,SNAI1,3,dense,1,12097804,some,False
789,0.3920852871358562,2.112688153851474e-96,0.0,SNAI2,3,dense,1,12097804,some,False
790,0.0,1.0,,SNAPC1,3,dense,1,12097804,some,True
791,0.39058530022610455,1.2866885569975528e-95,0.0,SOX10,3,dense,1,12097804,some,False
792,0.43865337248209485,7.05625999524965e-123,0.0,SOX17,3,dense,1,12097804,some,False
793,0.22280742775582194,1.2159808588823966e-30,0.0,SOX2,3,dense,1,12097804,some,False
794,0.46720898815151357,2.718160032870593e-141,0.0,SOX5,3,dense,1,12097804,some,False
795,0.21538704596768896,1.06789761326382e-28,0.0,SOX6,3,dense,1,12097804,some,False
796,0.45381476313446467,1.9519764069251607e-132,0.0,SOX7,3,dense,1,12097804,some,False
797,0.2764806918531418,6.872117896155604e-47,0.0,SOX9,3,dense,1,12097804,some,False
798,0.25402999618601657,1.2901730992480649e-39,0.0,SPI1,3,dense,1,12097804,some,False
799,0.5014461769716636,8.300124184958134e-166,0.0,SPIB,3,dense,1,12097804,some,False
800,0.2513654488096203,8.465342843560329e-39,0.0,STAT4,3,dense,1,12097804,some,True
801,0.2479879509624385,8.899264794927355e-38,1.0,STAT5A,3,dense,1,12097804,some,True
802,0.21141218762307032,1.0974193453456394e-27,1.0,SUB1,3,dense,1,12097804,some,False
803,0.05629525940084686,0.0040651592399693045,0.0,TAL1,3,dense,1,12097804,some,False
804,0.2935331078778704,6.847396463223863e-53,0.0,TBX3,3,dense,1,12097804,some,False
805,0.342590714479618,1.3947990516800181e-72,0.0,TBX4,3,dense,1,12097804,some,True
806,0.5105412154364676,8.386269527194325e-173,0.0,TBX5,3,dense,1,12097804,some,False
807,0.21276431355724076,4.994090059011669e-28,0.0,TCF4,3,dense,1,12097804,some,False
808,0.16064700912539567,1.6403317377456626e-16,0.0,TCF7L2,3,dense,1,12097804,some,False
809,-0.14567791193472027,8.096985316373909e-14,0.0,TEAD4,3,dense,1,12097804,some,False
810,0.15728937527725467,6.956807909508284e-16,0.0,TFAP2A,3,dense,1,12097804,some,False
811,0.31696795290825674,7.762717803488716e-62,0.0,TFAP2C,3,dense,1,12097804,some,False
812,0.427988007238947,1.935633893096529e-116,0.0,TFCP2L1,3,dense,1,12097804,some,False
813,0.3075737822483247,3.756956064157678e-58,0.0,TFE3,3,dense,1,12097804,some,False
814,0.0,1.0,,TGM2,3,dense,1,12097804,some,True
815,0.16049899514597782,1.7493578874361487e-16,0.0,TP53,3,dense,1,12097804,some,False
816,0.0,1.0,,TRPV2,3,dense,1,12097804,some,True
817,0.11626240017532659,2.6979212088067e-09,0.0,TSHZ1,3,dense,1,12097804,some,True
818,0.0,1.0,,TYRP1,3,dense,1,12097804,some,True
819,0.2033886052469726,1.0499670051751877e-25,0.0,VDR,3,dense,1,12097804,some,True
820,0.0,1.0,,WRNIP1,3,dense,1,12097804,some,True
821,0.4450677029871717,7.310521682384979e-127,0.0,ZBED4,3,dense,1,12097804,some,False
822,0.45262919166367277,1.1362619130380522e-131,0.0,ZIC1,3,dense,1,12097804,some,False
823,0.0,1.0,,ZMYND12,3,dense,1,12097804,some,True
824,0.1651368372057043,2.262672814019254e-17,1.0,ZNF274,3,dense,1,12097804,some,True
825,0.1692606850115953,3.490770108892647e-18,0.0,ZNF281,3,dense,1,12097804,some,False
826,0.1926081539222598,3.580884853376207e-23,0.0,ARID3B,3,dense,1,12097804,some,False
827,0.2288614760367489,2.792759282270199e-32,0.0,BMP2,3,dense,1,12097804,some,False
828,0.252957807797185,2.757812507697029e-39,0.0,BMP7,3,dense,1,12097804,some,False
829,0.05207607281838255,0.007873949709702484,0.0,CBFB,3,dense,1,12097804,some,False
830,0.0,1.0,,CBX3,3,dense,1,12097804,some,True
831,0.14974552757467016,1.5955404775808094e-14,1.0,CXXC5,3,dense,1,12097804,some,False
832,0.06023888340505623,0.002107284356853716,1.0,DMRT2,3,dense,1,12097804,some,False
833,0.12864025523146486,4.4756909060515844e-11,1.0,E2F3,3,dense,1,12097804,some,False
834,0.13690712932253982,2.3053361382671936e-12,0.0,E2F5,3,dense,1,12097804,some,False
835,0.11174781598366658,1.0873843305912523e-08,1.0,EMX2,3,dense,1,12097804,some,False
836,0.13820827715049658,1.4213463917349938e-12,0.0,ETV4,3,dense,1,12097804,some,False
837,0.0,1.0,,FGR,3,dense,1,12097804,some,True
838,0.16158782809829378,1.0881157770346268e-16,0.0,FOSB,3,dense,1,12097804,some,False
839,0.09257598635877866,2.233240568897405e-06,1.0,HES6,3,dense,1,12097804,some,False
840,0.14089941006899637,5.151931269409112e-13,0.0,HMGA1,3,dense,1,12097804,some,False
841,0.08112927454074566,3.412585867265637e-05,0.0,HOXA7,3,dense,1,12097804,some,False
842,0.07187330837106953,0.00024261381647194678,1.0,KLF6,3,dense,1,12097804,some,False
843,0.06738274631582494,0.0005814993605133224,1.0,MYCN,3,dense,1,12097804,some,False
844,0.05825511012623869,0.0029466415096482687,1.0,NFYA,3,dense,1,12097804,some,False
845,0.1901176605195266,1.3132520897177684e-22,0.0,OSR1,3,dense,1,12097804,some,False
846,0.0,1.0,,PGF,3,dense,1,12097804,some,True
847,0.0,1.0,,PRICKLE1,3,dense,1,12097804,some,True
848,0.0,1.0,,S1PR1,3,dense,1,12097804,some,True
849,0.05882190984012769,0.002680107252878522,1.0,SATB1,3,dense,1,12097804,some,False
850,0.0685187906939753,0.00046834978491551525,1.0,TEAD2,3,dense,1,12097804,some,False
851,0.19261581036652609,3.5665096513593446e-23,1.0,TEF,3,dense,1,12097804,some,False
852,0.0,1.0,,TGFBR2,3,dense,1,12097804,some,True
853,0.15031507440991107,1.266382899422251e-14,1.0,THRA,3,dense,1,12097804,some,False
854,0.15444114734660008,2.312460800167066e-15,0.0,TNF,3,dense,1,12097804,some,False
855,0.11577051200528683,3.1486206514758507e-09,0.0,ZNF74,3,dense,1,12097804,some,False
856,0.2336863840645256,1.2745778628052452e-33,0.0,ARID3A,4,dense,1,102313295,some,False
857,0.26790992655510854,4.975428699265589e-44,0.0,ARNT2,4,dense,1,102313295,some,False
858,0.39311342954201584,6.090558876679062e-97,0.0,ASCL1,4,dense,1,102313295,some,False
859,0.16961668070749328,2.9640185638920715e-18,0.0,ASCL2,4,dense,1,102313295,some,False
860,0.21063025041579653,1.7259651371867307e-27,0.0,ATF3,4,dense,1,102313295,some,False
861,0.2575901179049786,1.0090013471104525e-40,0.0,BATF,4,dense,1,102313295,some,True
862,0.11689837083778948,2.207364355904131e-09,0.0,BATF3,4,dense,1,102313295,some,True
863,0.44271646641005863,2.1602732306273421e-125,1.0,BCL6,4,dense,1,102313295,some,False
864,0.40886020160955516,1.852402413605645e-105,0.0,BMP4,4,dense,1,102313295,some,False
865,0.2164702119023083,5.61392485648444e-29,0.0,BRF2,4,dense,1,102313295,some,True
866,0.14588148702387893,7.47284406599725e-14,0.0,CBX2,4,dense,1,102313295,some,False
867,0.0,1.0,,CCNE1,4,dense,1,102313295,some,True
868,0.0,1.0,,CDYL,4,dense,1,102313295,some,True
869,0.4774721538976274,2.3768311656798715e-148,0.0,CEBPA,4,dense,1,102313295,some,False
870,0.3379696643086963,1.4428869667302992e-70,0.0,CEBPB,4,dense,1,102313295,some,False
871,0.2414403564710252,7.692940758215195e-36,0.0,CEBPD,4,dense,1,102313295,some,False
872,0.0,1.0,,CRY1,4,dense,1,102313295,some,True
873,0.0,1.0,,CRY2,4,dense,1,102313295,some,True
874,0.17773280599202634,6.460630855567256e-20,0.0,CTBP2,4,dense,1,102313295,some,False
875,0.3465135421900919,2.5534678052518965e-74,0.0,CUX1,4,dense,1,102313295,some,False
876,0.0,1.0,,DEDD2,4,dense,1,102313295,some,True
877,0.3346855885605734,3.717525307135108e-69,0.0,DLX5,4,dense,1,102313295,some,False
878,0.22370384413369604,7.00298261771589e-31,0.0,E2F1,4,dense,1,102313295,some,False
879,0.16346629502109067,4.7595528888178925e-17,0.0,E2F6,4,dense,1,102313295,some,True
880,0.017601308684553837,0.36937217419086177,0.0,E2F7,4,dense,1,102313295,some,False
881,0.2643295156811461,7.26026238710812e-43,1.0,EGR1,4,dense,1,102313295,some,False
882,0.5416415668403984,2.1381521229796654e-198,0.0,EGR2,4,dense,1,102313295,some,False
883,0.5132573257922917,6.20876705021304e-175,0.0,EHF,4,dense,1,102313295,some,False
884,0.3360129170754253,1.0046860302692294e-69,0.0,ELF1,4,dense,1,102313295,some,False
885,0.45520033137653065,2.469306250694602e-133,0.0,ELF4,4,dense,1,102313295,some,False
886,0.3103220841430723,3.24093463949672e-59,0.0,ELK3,4,dense,1,102313295,some,False
887,0.0,1.0,,ELL2,4,dense,1,102313295,some,True
888,0.21586689831213318,8.035271454596441e-29,0.0,EN1,4,dense,1,102313295,some,False
889,0.29984235766144635,3.219436643445161e-55,1.0,EOMES,4,dense,1,102313295,some,False
890,0.3338365870685184,8.555375368679901e-69,0.0,ERG,4,dense,1,102313295,some,True
891,0.463498881331725,8.454500746059555e-139,0.0,ESR1,4,dense,1,102313295,some,False
892,0.18281923232642336,5.341894023615929e-21,0.0,ESRRA,4,dense,1,102313295,some,False
893,0.24042927700286654,1.5136489348971605e-35,0.0,ESRRG,4,dense,1,102313295,some,False
894,0.32699579770276876,6.417527452172373e-66,0.0,ETS1,4,dense,1,102313295,some,False
895,0.33357968610558364,1.100391914846707e-68,0.0,ETS2,4,dense,1,102313295,some,False
896,0.23830506086368022,6.2101810320331e-35,0.0,ETV1,4,dense,1,102313295,some,False
897,0.13244152502589623,1.1707861455888333e-11,0.0,ETV5,4,dense,1,102313295,some,False
898,0.285479050019133,5.277091203336008e-50,1.0,ETV6,4,dense,1,102313295,some,False
899,0.5318939077231749,4.372651400484552e-190,0.0,FLI1,4,dense,1,102313295,some,False
900,0.2544390182693485,9.646640101424831e-40,0.0,FOS,4,dense,1,102313295,some,False
901,0.39999321112311415,1.319067973606573e-100,1.0,FOSL1,4,dense,1,102313295,some,False
902,0.44093644110862046,2.7550471240067075e-124,0.0,FOXA1,4,dense,1,102313295,some,False
903,0.23508894487240997,5.127051043704545e-34,0.0,FOXG1,4,dense,1,102313295,some,False
904,0.3049453868047799,3.8189669110817036e-57,0.0,FOXM1,4,dense,1,102313295,some,False
905,0.025028915956755802,0.2017604591199739,0.0,FOXN3,4,dense,1,102313295,some,False
906,0.4765554262762191,1.0382496836968311e-147,0.0,FOXP1,4,dense,1,102313295,some,False
907,0.19013385824186652,1.3022748847905161e-22,0.0,FOXS1,4,dense,1,102313295,some,False
908,0.31915400210086775,1.0309699310591746e-62,0.0,GATA1,4,dense,1,102313295,some,False
909,0.1311944687882348,1.8255508907912156e-11,0.0,GATA2,4,dense,1,102313295,some,False
910,0.339760786300001,2.4121270497475223e-71,0.0,GATA3,4,dense,1,102313295,some,False
911,0.3280533212358797,2.3318863293139477e-66,0.0,GATA6,4,dense,1,102313295,some,False
912,0.20741890820597694,1.0876258234953435e-26,0.0,GRHL2,4,dense,1,102313295,some,False
913,0.17924373875650115,3.1047241599685916e-20,0.0,GTF3C2,4,dense,1,102313295,some,True
914,0.0,1.0,,H2AFZ,4,dense,1,102313295,some,True
915,0.23310201009481862,1.8594323250058056e-33,1.0,HDAC2,4,dense,1,102313295,some,False
916,0.2136686270797762,2.9408157058497035e-28,1.0,HDAC6,4,dense,1,102313295,some,True
917,0.1743029965407143,3.328846904623015e-19,0.0,HES1,4,dense,1,102313295,some,False
918,0.1379083722114809,1.5895996628812743e-12,0.0,HESX1,4,dense,1,102313295,some,False
919,0.3011551013154929,1.0376822138216346e-55,0.0,HEY1,4,dense,1,102313295,some,False
920,0.15564116975591188,1.3978839321766956e-15,0.0,HMGN1,4,dense,1,102313295,some,False
921,0.17120151894077068,1.4247747292174644e-18,0.0,HMGXB4,4,dense,1,102313295,some,False
922,0.13141098282712854,1.690558006527238e-11,0.0,HOPX,4,dense,1,102313295,some,False
923,0.03753412932455607,0.055526781510954006,0.0,HOXA10,4,dense,1,102313295,some,False
924,0.17201476591717416,9.756823168840304e-19,0.0,HOXB3,4,dense,1,102313295,some,False
925,0.09710882899151009,6.912380363168511e-07,0.0,ID1,4,dense,1,102313295,some,False
926,0.10752586055605941,3.814282806242114e-08,0.0,ID3,4,dense,1,102313295,some,False
927,0.41847040821176623,6.915221596309855e-111,0.0,IKZF1,4,dense,1,102313295,some,False
928,0.37533630432760823,7.205247713336782e-88,0.0,IRF1,4,dense,1,102313295,some,False
929,0.34655582767071313,2.4449290697239498e-74,0.0,IRF4,4,dense,1,102313295,some,False
930,0.42048357450510127,4.787542363930042e-112,0.0,IRF5,4,dense,1,102313295,some,False
931,0.0,1.0,,JAG1,4,dense,1,102313295,some,True
932,0.31569624901127247,2.4928197411095342e-61,0.0,JUN,4,dense,1,102313295,some,False
933,0.3372312747296062,3.005975283416873e-70,0.0,JUNB,4,dense,1,102313295,some,False
934,0.12400558187372636,2.1785918061203288e-10,0.0,KDM1A,4,dense,1,102313295,some,False
935,0.22199434246047237,2.0016424672448668e-30,1.0,KDM5B,4,dense,1,102313295,some,False
936,0.33833485362821997,1.0029111464585348e-70,0.0,KLF1,4,dense,1,102313295,some,False
937,0.3113875399809296,1.244652844752941e-59,0.0,KLF11,4,dense,1,102313295,some,True
938,0.4512465259254073,8.787027307240412e-131,0.0,KLF12,4,dense,1,102313295,some,False
939,0.531693868411756,6.43366383924845e-190,0.0,KLF15,4,dense,1,102313295,some,False
940,0.44991966191021493,6.201586554948328e-130,0.0,KLF2,4,dense,1,102313295,some,False
941,0.5498324022247222,1.3558203452412933e-205,0.0,KLF4,4,dense,1,102313295,some,False
942,0.18345904248181985,3.88380589905877e-21,0.0,KLF5,4,dense,1,102313295,some,False
943,0.4072237041585236,1.494337329725264e-104,0.0,KLF9,4,dense,1,102313295,some,False
944,0.13104940270574086,1.9218406681522262e-11,0.0,LHX2,4,dense,1,102313295,some,False
945,0.15091497612061264,9.918735662974424e-15,0.0,LMO2,4,dense,1,102313295,some,True
946,0.0,1.0,,MAB21L2,4,dense,1,102313295,some,True
947,0.49186570404256696,1.154846731868834e-158,0.0,MEF2C,4,dense,1,102313295,some,False
948,0.22791791544819162,5.065553896603552e-32,0.0,MEIS1,4,dense,1,102313295,some,False
949,0.09770771563639269,5.89673550869399e-07,0.0,MEIS2,4,dense,1,102313295,some,False
950,0.24195830188769507,5.4323620793292985e-36,0.0,MSC,4,dense,1,102313295,some,False
951,0.26146856323020745,6.002481316831866e-42,0.0,MSX2,4,dense,1,102313295,some,False
952,-0.006489090104324035,0.7407084864080702,0.0,MXI1,4,dense,1,102313295,some,False
953,0.49464063376291934,1.039510299420056e-160,0.0,MYB,4,dense,1,102313295,some,False
954,0.24554162682136382,4.783273685546776e-37,0.0,MYBL2,4,dense,1,102313295,some,False
955,0.38406646877247713,2.967163910614611e-92,1.0,MYC,4,dense,1,102313295,some,False
956,0.5061997248721867,1.9467007536073253e-169,0.0,NEUROD1,4,dense,1,102313295,some,False
957,0.47195253757362304,1.591949969780323e-144,0.0,NEUROD2,4,dense,1,102313295,some,False
958,0.326881878811889,7.155245865305413e-66,0.0,NFATC1,4,dense,1,102313295,some,False
959,0.23935127070445833,3.10389410588281e-35,1.0,NFE2L1,4,dense,1,102313295,some,False
960,0.3576530988728319,2.1676957937211892e-79,0.0,NFIB,4,dense,1,102313295,some,False
961,0.4224240654668673,3.5873097475002305e-113,0.0,NFIC,4,dense,1,102313295,some,False
962,0.34265192951554035,1.3109669358308723e-72,0.0,NFIL3,4,dense,1,102313295,some,False
963,0.2572936737422035,1.2494334463946377e-40,0.0,NKX2-1,4,dense,1,102313295,some,False
964,0.2831332550811157,3.511979489927283e-49,0.0,NKX2-5,4,dense,1,102313295,some,False
965,0.310060126251957,4.098208140820213e-59,0.0,NPAS2,4,dense,1,102313295,some,False
966,0.21584059166914024,8.16169597844392e-29,0.0,NR1D2,4,dense,1,102313295,some,False
967,0.4341209202198305,4.1009953655890464e-120,0.0,NR2F2,4,dense,1,102313295,some,False
968,0.17957218508965309,2.6452670021625387e-20,0.0,NR3C1,4,dense,1,102313295,some,True
969,0.18235194856279954,6.737253174892915e-21,0.0,NR4A2,4,dense,1,102313295,some,True
970,0.3638194968588927,2.7539049325223965e-82,0.0,NR4A3,4,dense,1,102313295,some,False
971,0.23018415760567965,1.2066050936474341e-32,0.0,OLIG2,4,dense,1,102313295,some,False
972,0.0,1.0,,OSTF1,4,dense,1,102313295,some,True
973,0.3771870590057432,8.693123077592806e-89,0.0,PATZ1,4,dense,1,102313295,some,False
974,0.3659274871176277,2.7238724907721777e-83,0.0,PAX5,4,dense,1,102313295,some,False
975,0.18645415803368565,8.598996843223349e-22,0.0,PAX6,4,dense,1,102313295,some,False
976,0.4744922092964815,2.8201420243529585e-146,0.0,PAX8,4,dense,1,102313295,some,False
977,0.07334302557091377,0.0001802649149320614,0.0,PBX1,4,dense,1,102313295,some,False
978,0.32623276804321516,1.3289459661104237e-65,0.0,PITX2,4,dense,1,102313295,some,False
979,0.22574435455482053,1.976364167753766e-31,1.0,PLXNB3,4,dense,1,102313295,some,True
980,0.19936827747957117,9.613475533471164e-25,1.0,PML,4,dense,1,102313295,some,True
981,0.1271224514113815,7.563031258177525e-11,0.0,POU2AF1,4,dense,1,102313295,some,True
982,0.1375460761178014,1.819041479595324e-12,0.0,POU2F2,4,dense,1,102313295,some,False
983,0.19371553857814997,1.9978277949356804e-23,0.0,PPARG,4,dense,1,102313295,some,False
984,0.4430557401601999,1.327478050466119e-125,0.0,PRDM1,4,dense,1,102313295,some,False
985,0.0,1.0,,PTAFR,4,dense,1,102313295,some,True
986,0.1974235124959277,2.7590137281745365e-24,0.0,RARG,4,dense,1,102313295,some,False
987,0.1229992836076393,3.04871309156977e-10,0.0,RFX5,4,dense,1,102313295,some,False
988,0.2502596098757648,1.8359999446706747e-38,1.0,RFXAP,4,dense,1,102313295,some,True
989,0.0,1.0,,RPS6KA1,4,dense,1,102313295,some,True
990,0.4018617575544032,1.2880394509995058e-101,0.0,RUNX1,4,dense,1,102313295,some,False
991,0.3779548317246194,3.600768581884846e-89,0.0,RUNX3,4,dense,1,102313295,some,False
992,0.0,1.0,,RUVBL2,4,dense,1,102313295,some,True
993,0.06870341250264107,0.00045202848666636876,0.0,RXRA,4,dense,1,102313295,some,False
994,0.17811414309491205,5.3730131407838e-20,1.0,SALL1,4,dense,1,102313295,some,False
995,0.0,1.0,,SAP30,4,dense,1,102313295,some,True
996,0.2390881094754129,3.696638778357876e-35,1.0,SIRT3,4,dense,1,102313295,some,False
997,0.1780452891961691,5.555026854745148e-20,0.0,SIX1,4,dense,1,102313295,some,False
998,0.13054054799593043,2.30053119986912e-11,0.0,SMAD1,4,dense,1,102313295,some,False
999,0.15459215700912154,2.1710029830267053e-15,1.0,SMAD5,4,dense,1,102313295,some,False
1000,0.15644224059026415,9.967416862014284e-16,0.0,SMAD7,4,dense,1,102313295,some,False
1001,0.057061113599387134,0.0035888133479604835,0.0,SMARCA4,4,dense,1,102313295,some,False
1002,0.17986563014349846,2.2920052512211983e-20,0.0,SNAI1,4,dense,1,102313295,some,False
1003,0.3920852871358562,2.112688153851474e-96,0.0,SNAI2,4,dense,1,102313295,some,False
1004,0.0,1.0,,SNAPC1,4,dense,1,102313295,some,True
1005,0.39058530022610455,1.2866885569975528e-95,0.0,SOX10,4,dense,1,102313295,some,False
1006,0.43865337248209485,7.05625999524965e-123,0.0,SOX17,4,dense,1,102313295,some,False
1007,0.22280742775582194,1.2159808588823966e-30,0.0,SOX2,4,dense,1,102313295,some,False
1008,0.46720898815151357,2.718160032870593e-141,0.0,SOX5,4,dense,1,102313295,some,False
1009,0.21538704596768896,1.06789761326382e-28,0.0,SOX6,4,dense,1,102313295,some,False
1010,0.45381476313446467,1.9519764069251607e-132,0.0,SOX7,4,dense,1,102313295,some,False
1011,0.2764806918531418,6.872117896155604e-47,0.0,SOX9,4,dense,1,102313295,some,False
1012,0.25402999618601657,1.2901730992480649e-39,0.0,SPI1,4,dense,1,102313295,some,False
1013,0.5014461769716636,8.300124184958134e-166,0.0,SPIB,4,dense,1,102313295,some,False
1014,0.2513654488096203,8.465342843560329e-39,0.0,STAT4,4,dense,1,102313295,some,True
1015,0.2479879509624385,8.899264794927355e-38,1.0,STAT5A,4,dense,1,102313295,some,True
1016,0.21141218762307032,1.0974193453456394e-27,1.0,SUB1,4,dense,1,102313295,some,False
1017,0.05629525940084686,0.0040651592399693045,0.0,TAL1,4,dense,1,102313295,some,False
1018,0.2935331078778704,6.847396463223863e-53,0.0,TBX3,4,dense,1,102313295,some,False
1019,0.342590714479618,1.3947990516800181e-72,0.0,TBX4,4,dense,1,102313295,some,True
1020,0.5105412154364676,8.386269527194325e-173,0.0,TBX5,4,dense,1,102313295,some,False
1021,0.21276431355724076,4.994090059011669e-28,0.0,TCF4,4,dense,1,102313295,some,False
1022,0.16064700912539567,1.6403317377456626e-16,0.0,TCF7L2,4,dense,1,102313295,some,False
1023,-0.14567791193472027,8.096985316373909e-14,0.0,TEAD4,4,dense,1,102313295,some,False
1024,0.15728937527725467,6.956807909508284e-16,0.0,TFAP2A,4,dense,1,102313295,some,False
1025,0.31696795290825674,7.762717803488716e-62,0.0,TFAP2C,4,dense,1,102313295,some,False
1026,0.427988007238947,1.935633893096529e-116,0.0,TFCP2L1,4,dense,1,102313295,some,False
1027,0.3075737822483247,3.756956064157678e-58,0.0,TFE3,4,dense,1,102313295,some,False
1028,0.0,1.0,,TGM2,4,dense,1,102313295,some,True
1029,0.16049899514597782,1.7493578874361487e-16,0.0,TP53,4,dense,1,102313295,some,False
1030,0.0,1.0,,TRPV2,4,dense,1,102313295,some,True
1031,0.11626240017532659,2.6979212088067e-09,0.0,TSHZ1,4,dense,1,102313295,some,True
1032,0.0,1.0,,TYRP1,4,dense,1,102313295,some,True
1033,0.2033886052469726,1.0499670051751877e-25,0.0,VDR,4,dense,1,102313295,some,True
1034,0.0,1.0,,WRNIP1,4,dense,1,102313295,some,True
1035,0.4450677029871717,7.310521682384979e-127,0.0,ZBED4,4,dense,1,102313295,some,False
1036,0.45262919166367277,1.1362619130380522e-131,0.0,ZIC1,4,dense,1,102313295,some,False
1037,0.0,1.0,,ZMYND12,4,dense,1,102313295,some,True
1038,0.1651368372057043,2.262672814019254e-17,1.0,ZNF274,4,dense,1,102313295,some,True
1039,0.1692606850115953,3.490770108892647e-18,0.0,ZNF281,4,dense,1,102313295,some,False
1040,0.1926081539222598,3.580884853376207e-23,0.0,ARID3B,4,dense,1,102313295,some,False
1041,0.2288614760367489,2.792759282270199e-32,0.0,BMP2,4,dense,1,102313295,some,False
1042,0.252957807797185,2.757812507697029e-39,0.0,BMP7,4,dense,1,102313295,some,False
1043,0.05207607281838255,0.007873949709702484,0.0,CBFB,4,dense,1,102313295,some,False
1044,0.0,1.0,,CBX3,4,dense,1,102313295,some,True
1045,0.14974552757467016,1.5955404775808094e-14,1.0,CXXC5,4,dense,1,102313295,some,False
1046,0.06023888340505623,0.002107284356853716,1.0,DMRT2,4,dense,1,102313295,some,False
1047,0.12864025523146486,4.4756909060515844e-11,1.0,E2F3,4,dense,1,102313295,some,False
1048,0.13690712932253982,2.3053361382671936e-12,0.0,E2F5,4,dense,1,102313295,some,False
1049,0.11174781598366658,1.0873843305912523e-08,1.0,EMX2,4,dense,1,102313295,some,False
1050,0.13820827715049658,1.4213463917349938e-12,0.0,ETV4,4,dense,1,102313295,some,False
1051,0.0,1.0,,FGR,4,dense,1,102313295,some,True
1052,0.16158782809829378,1.0881157770346268e-16,0.0,FOSB,4,dense,1,102313295,some,False
1053,0.09257598635877866,2.233240568897405e-06,1.0,HES6,4,dense,1,102313295,some,False
1054,0.14089941006899637,5.151931269409112e-13,0.0,HMGA1,4,dense,1,102313295,some,False
1055,0.08112927454074566,3.412585867265637e-05,0.0,HOXA7,4,dense,1,102313295,some,False
1056,0.07187330837106953,0.00024261381647194678,1.0,KLF6,4,dense,1,102313295,some,False
1057,0.06738274631582494,0.0005814993605133224,1.0,MYCN,4,dense,1,102313295,some,False
1058,0.05825511012623869,0.0029466415096482687,1.0,NFYA,4,dense,1,102313295,some,False
1059,0.1901176605195266,1.3132520897177684e-22,0.0,OSR1,4,dense,1,102313295,some,False
1060,0.0,1.0,,PGF,4,dense,1,102313295,some,True
1061,0.0,1.0,,PRICKLE1,4,dense,1,102313295,some,True
1062,0.0,1.0,,S1PR1,4,dense,1,102313295,some,True
1063,0.05882190984012769,0.002680107252878522,1.0,SATB1,4,dense,1,102313295,some,False
1064,0.0685187906939753,0.00046834978491551525,1.0,TEAD2,4,dense,1,102313295,some,False
1065,0.19261581036652609,3.5665096513593446e-23,1.0,TEF,4,dense,1,102313295,some,False
1066,0.0,1.0,,TGFBR2,4,dense,1,102313295,some,True
1067,0.15031507440991107,1.266382899422251e-14,1.0,THRA,4,dense,1,102313295,some,False
1068,0.15444114734660008,2.312460800167066e-15,0.0,TNF,4,dense,1,102313295,some,False
1069,0.11577051200528683,3.1486206514758507e-09,0.0,ZNF74,4,dense,1,102313295,some,False
